{
    "Modules": {
        "...MASTER...": {
            "start_perf": [
                0.22505593299865723,
                0.050643000000000001,
                0.035206000000000001,
                212400,
                224780,
                1768391344.8692789,
                18004467246176
            ],
            "nQuads": 0,
            "child_modules": {
                "std": 1,
                "fetch_tb_enhanced": 1
            },
            "nRouts": 5,
            "end_perf": [
                0.23125290870666504,
                0.051908000000000003,
                0.037489000000000001,
                214840,
                224780,
                18004487098464,
                0,
                0
            ],
            "nMops": 0
        },
        "fetch_tb_enhanced": {
            "start_perf": [
                0.23931694030761719,
                0.056481999999999997,
                0.03925,
                218804,
                224780,
                1768391344.8835399,
                18004512780896
            ],
            "significant_routs": [
                [
                    2,
                    "R_VCSgd_jBcye_2",
                    4022720,
                    2491,
                    544
                ],
                [
                    16,
                    "R_VCSgd_jBcye_10",
                    3659776,
                    663,
                    141
                ]
            ],
            "nQuads": 807,
            "child_modules": {},
            "nMops": 3283,
            "Compiled": "Yes",
            "Compiled Times": 1,
            "end_perf": [
                0.25207400321960449,
                0.067714999999999997,
                0.03925,
                219380,
                224780,
                18004553593472,
                17179869185,
                0
            ],
            "nRouts": 39
        },
        "std": {
            "start_perf": [
                0.23134613037109375,
                0.051963000000000002,
                0.037529,
                214840,
                224780,
                1768391344.8755691,
                18004487325600
            ],
            "significant_routs": [
                [
                    24,
                    "F_VCSgd_reYIK_24_0",
                    4874880,
                    990,
                    97
                ]
            ],
            "nQuads": 213,
            "child_modules": {},
            "Compiled": "Yes",
            "Compiled Times": 1,
            "end_perf": [
                0.23927497863769531,
                0.056455999999999999,
                0.039232000000000003,
                218804,
                224780,
                18004512695872,
                8589934594,
                0
            ],
            "svclass": [
                "$vcs_nba_dyn_obj",
                385,
                37,
                2,
                2,
                0,
                "sigprop$$",
                385,
                37,
                2,
                2,
                0,
                "process",
                1645,
                184,
                8,
                8,
                0,
                "event",
                462,
                36,
                2,
                2,
                0,
                "mailbox",
                848,
                99,
                9,
                9,
                0,
                "semaphore",
                656,
                69,
                5,
                5,
                0
            ],
            "nMops": 462,
            "nRouts": 33
        }
    },
    "CompUnits": {
        "amcQw_d": {
            "mode": 4,
            "text": 434,
            "bytes": 7668,
            "mod": "...MASTER...",
            "out": "objs/amcQw_d.o",
            "checksum": 0
        },
        "reYIK_d": {
            "mode": 4,
            "text": 4650,
            "bytes": 33240,
            "mod": "std",
            "out": "reYIK_d.o",
            "archive": "archive.0/_16806_archive_1.a",
            "cls": 4381,
            "checksum": 0
        },
        "jBcye_d": {
            "mode": 4,
            "text": 15643,
            "bytes": 50674,
            "mod": "fetch_tb_enhanced",
            "out": "jBcye_d.o",
            "checksum": 0,
            "archive": "archive.0/_16806_archive_1.a"
        }
    },
    "reusePaths": {},
    "stat": {
        "ru_childs_end": {
            "ru_minflt": 2336,
            "ru_utime_sec": 0.0052909999999999997,
            "ru_stime_sec": 0.020471,
            "ru_maxrss_kb": 104684,
            "ru_majflt": 55,
            "ru_nivcsw": 1,
            "ru_nvcsw": 99
        },
        "ru_self_end": {
            "ru_minflt": 9836,
            "ru_utime_sec": 0.069019999999999998,
            "ru_stime_sec": 0.04122,
            "ru_maxrss_kb": 113032,
            "ru_majflt": 174,
            "ru_nivcsw": 5,
            "ru_nvcsw": 206
        },
        "cpu_cycles_end": 18004565020416,
        "peak_mem_kb": 224780
    },
    "ObjArchives": [
        {
            "archive": "archive.0/_16806_archive_1.a",
            "objects": [
                [
                    "reYIK_d.o",
                    33240
                ],
                [
                    "jBcye_d.o",
                    50674
                ],
                [
                    "amcQwB.o",
                    77626
                ]
            ],
            "size": 161540
        }
    ]
}