{
    "CompUnits": {
        "amcQw_d": {
            "mod": "...MASTER...",
            "text": 434,
            "out": "objs/amcQw_d.o",
            "bytes": 7832,
            "mode": 4,
            "checksum": 0
        },
        "reYIK_d": {
            "mod": "std",
            "text": 7325,
            "out": "reYIK_d.o",
            "archive": "archive.0/_71497_archive_1.a",
            "cls": 7017,
            "bytes": 43000,
            "mode": 4,
            "checksum": 0
        },
        "A1L13_d": {
            "mod": "riscv_cpu_tb",
            "text": 92340,
            "out": "A1L13_d.o",
            "archive": "archive.0/_71497_archive_1.a",
            "bytes": 174964,
            "mode": 4,
            "checksum": 0
        }
    },
    "Modules": {
        "...MASTER...": {
            "start_perf": [
                0.23033595085144043,
                0.079412999999999997,
                0.047245000000000002,
                308272,
                382528,
                1772201376.1171899,
                12909671504960
            ],
            "nMops": 0,
            "child_modules": {
                "riscv_cpu_tb": 1,
                "std": 1
            },
            "end_perf": [
                0.23284912109375,
                0.080105999999999997,
                0.049064999999999998,
                309252,
                382528,
                12909679479904,
                0,
                0
            ],
            "nQuads": 0,
            "nRouts": 5
        },
        "std": {
            "Compiled Times": 1,
            "start_perf": [
                0.23291516304016113,
                0.080147999999999997,
                0.049090000000000002,
                309252,
                382528,
                1772201376.1197691,
                12909679683808
            ],
            "nMops": 528,
            "child_modules": {},
            "Compiled": "Yes",
            "end_perf": [
                0.23845410346984863,
                0.084487000000000007,
                0.050290000000000001,
                310216,
                382528,
                12909697379424,
                8589934594,
                0
            ],
            "svclass": [
                "$vcs_nba_dyn_obj",
                576,
                35,
                2,
                2,
                0,
                "sigprop$$",
                576,
                35,
                2,
                2,
                0,
                "process",
                2380,
                200,
                8,
                8,
                0,
                "event",
                597,
                34,
                2,
                2,
                0,
                "mailbox",
                1769,
                140,
                9,
                9,
                0,
                "semaphore",
                1119,
                84,
                5,
                5,
                0
            ],
            "nQuads": 218,
            "nRouts": 33
        },
        "riscv_cpu_tb": {
            "Compiled Times": 1,
            "start_perf": [
                0.2384951114654541,
                0.084513000000000005,
                0.050305000000000002,
                310216,
                382528,
                1772201376.125349,
                12909697470464
            ],
            "nMops": 10396,
            "child_modules": {},
            "Compiled": "Yes",
            "significant_routs": [
                [
                    25,
                    "T_VCSgd_A1L13_3_0",
                    5912672,
                    6789,
                    586
                ],
                [
                    84,
                    "R_VCSgd_A1L13_54",
                    14922944,
                    16348,
                    773
                ],
                [
                    102,
                    "R_VCSgd_A1L13_66",
                    3958976,
                    3856,
                    555
                ],
                [
                    107,
                    "R_VCSgd_A1L13_6b",
                    5753088,
                    6039,
                    625
                ],
                [
                    113,
                    "R_VCSgd_A1L13_71",
                    3622240,
                    3545,
                    500
                ]
            ],
            "end_perf": [
                0.28756213188171387,
                0.129608,
                0.054253999999999997,
                310216,
                382528,
                12909854346432,
                51539607553,
                0
            ],
            "nQuads": 3849,
            "nRouts": 224
        }
    },
    "reusePaths": {},
    "ObjArchives": [
        {
            "archive": "archive.0/_71497_archive_1.a",
            "objects": [
                [
                    "reYIK_d.o",
                    43000
                ],
                [
                    "A1L13_d.o",
                    174964
                ],
                [
                    "amcQwB.o",
                    133212
                ]
            ],
            "size": 351176
        }
    ],
    "stat": {
        "ru_self_end": {
            "ru_maxrss_kb": 130236,
            "ru_utime_sec": 0.132272,
            "ru_stime_sec": 0.056114999999999998,
            "ru_nivcsw": 13,
            "ru_minflt": 15477,
            "ru_majflt": 0,
            "ru_nvcsw": 51
        },
        "ru_childs_end": {
            "ru_maxrss_kb": 116956,
            "ru_utime_sec": 0.030587,
            "ru_stime_sec": 0.040757000000000002,
            "ru_nivcsw": 13,
            "ru_minflt": 12204,
            "ru_majflt": 0,
            "ru_nvcsw": 47
        },
        "cpu_cycles_end": 12909868602016,
        "peak_mem_kb": 382528
    }
}