{
    "cycles_program_begin": 14865941306080,
    "stat": {
        "ru_self_end": {
            "ru_utime_sec": 0.14519599999999999,
            "ru_stime_sec": 0.097145999999999996,
            "ru_minflt": 14449,
            "ru_maxrss_kb": 125848,
            "ru_nvcsw": 1059,
            "ru_majflt": 975,
            "ru_nivcsw": 23
        },
        "ru_childs_cgstart": {
            "ru_utime_sec": 0.018355,
            "ru_stime_sec": 0.028628000000000001,
            "ru_minflt": 5939,
            "ru_maxrss_kb": 114544,
            "ru_nvcsw": 26,
            "ru_majflt": 0,
            "ru_nivcsw": 9
        },
        "quadSpeed": 72964.004905143185,
        "ru_self_cgstart": {
            "ru_utime_sec": 0.089744000000000004,
            "ru_stime_sec": 0.093546000000000004,
            "ru_minflt": 12457,
            "ru_maxrss_kb": 114544,
            "ru_nvcsw": 1011,
            "ru_majflt": 930,
            "ru_nivcsw": 17
        },
        "cpu_cycles_cgstart": 14866978168448,
        "Frontend(%)": 66.094979547664039,
        "nQuads": 4046,
        "nMops": 11298,
        "cpu_cycles_total": 1247746272,
        "CodeGen(%)": 33.905020452335968,
        "totalObjSize": 305296,
        "mop/quad": 2.7923875432525951,
        "ru_childs_end": {
            "ru_utime_sec": 0.018355,
            "ru_stime_sec": 0.028628000000000001,
            "ru_minflt": 5939,
            "ru_maxrss_kb": 114544,
            "ru_nvcsw": 26,
            "ru_majflt": 0,
            "ru_nivcsw": 9
        },
        "cpu_cycles_end": 14867189052352,
        "mopSpeed": 203743.77840294308,
        "outputSizePerQuad": 75.456253089471076,
        "peak_mem_kb": 382656,
        "realTime": 0.41969203948974609
    },
    "rlimit": {
        "data": -1,
        "stack": -1
    },
    "PEModules": [],
    "cpu_cycles_pass2_start": 14866977442048,
    "perf": [
        {
            "stat": [
                "main",
                "entry",
                0.029407024383544922,
                0.027873999999999999,
                0.048243000000000001,
                200360,
                200360,
                0.0,
                0.0,
                1776326756.144659,
                14865942733088
            ],
            "sub": [
                {
                    "stat": [
                        "doParsingAndDesignResolution",
                        "entry",
                        0.15506505966186523,
                        0.031737000000000001,
                        0.056445000000000002,
                        210124,
                        210924,
                        0.0,
                        0.0,
                        1776326756.2703171,
                        14866344062848
                    ],
                    "sub": []
                },
                {
                    "stat": [
                        "doParsingAndDesignResolution",
                        "exit",
                        0.21904397010803223,
                        0.052166999999999998,
                        0.075120000000000006,
                        309528,
                        382656,
                        0.0,
                        0.0,
                        1776326756.334296,
                        14866548405248
                    ],
                    "sub": []
                },
                {
                    "stat": [
                        "doPostDesignResolutionToVir2Vcs",
                        "entry",
                        0.22275900840759277,
                        0.052831999999999997,
                        0.077695,
                        295512,
                        382656,
                        0.0,
                        0.0,
                        1776326756.338011,
                        14866560255680
                    ],
                    "sub": [
                        {
                            "stat": [
                                "doUptoVir2VcsNoSepCleanup",
                                "entry",
                                0.23525905609130859,
                                0.057590000000000002,
                                0.080626000000000003,
                                295704,
                                382656,
                                0.0,
                                0.0,
                                1776326756.3505111,
                                14866600180352
                            ],
                            "sub": []
                        },
                        {
                            "stat": [
                                "doUptoVir2VcsNoSepCleanup",
                                "exit",
                                0.31838393211364746,
                                0.085066000000000003,
                                0.091446,
                                310072,
                                382656,
                                0.0064190000000000002,
                                0.014362,
                                1776326756.433636,
                                14866865683328
                            ],
                            "sub": []
                        },
                        {
                            "stat": [
                                "doRadify_vir2vcsAll",
                                "entry",
                                0.31877803802490234,
                                0.085158999999999999,
                                0.091546000000000002,
                                310072,
                                382656,
                                0.0064190000000000002,
                                0.014362,
                                1776326756.4340301,
                                14866866897280
                            ],
                            "sub": []
                        },
                        {
                            "stat": [
                                "doRadify_vir2vcsAll",
                                "exit",
                                0.32521605491638184,
                                0.089713000000000001,
                                0.091824000000000003,
                                310072,
                                382656,
                                0.0064190000000000002,
                                0.014362,
                                1776326756.4404681,
                                14866887489088
                            ],
                            "sub": []
                        }
                    ]
                },
                {
                    "stat": [
                        "doPostDesignResolutionToVir2Vcs",
                        "exit",
                        0.32525801658630371,
                        0.089733999999999994,
                        0.091845999999999997,
                        310072,
                        382656,
                        0.0064190000000000002,
                        0.014362,
                        1776326756.44051,
                        14866887558304
                    ],
                    "sub": []
                },
                {
                    "stat": [
                        "doGAToPass2",
                        "entry",
                        0.32527709007263184,
                        0.089744000000000004,
                        0.091855999999999993,
                        310072,
                        382656,
                        0.0064190000000000002,
                        0.014362,
                        1776326756.4405291,
                        14866887613536
                    ],