{
    "cycles_program_begin": 31095186572480,
    "SIMBData": {
        "out": "amcQwB.o",
        "bytes": 127272,
        "text": 0,
        "archive": "archive.0/_99462_archive_1.a"
    },
    "stat": {
        "ru_childs_cgstart": {
            "ru_utime_sec": 0.025352,
            "ru_maxrss_kb": 116192,
            "ru_stime_sec": 0.049872,
            "ru_minflt": 12175,
            "ru_nvcsw": 45,
            "ru_majflt": 0,
            "ru_nivcsw": 12
        },
        "ru_self_cgstart": {
            "ru_utime_sec": 0.069514000000000006,
            "ru_maxrss_kb": 116192,
            "ru_stime_sec": 0.043319999999999997,
            "ru_minflt": 12728,
            "ru_nvcsw": 51,
            "ru_majflt": 0,
            "ru_nivcsw": 20
        },
        "mopSpeed": 271293.72325878881,
        "cpu_cycles_cgstart": 31095853205184,
        "nMops": 12301,
        "cpu_cycles_total": 847089856,
        "ru_childs_end": {
            "ru_utime_sec": 0.025352,
            "ru_maxrss_kb": 116192,
            "ru_stime_sec": 0.049872,
            "ru_minflt": 12175,
            "ru_nvcsw": 45,
            "ru_majflt": 0,
            "ru_nivcsw": 12
        },
        "quadSpeed": 69780.777204358004,
        "ru_self_end": {
            "ru_utime_sec": 0.114856,
            "ru_maxrss_kb": 127720,
            "ru_stime_sec": 0.054405000000000002,
            "ru_minflt": 14822,
            "ru_nvcsw": 51,
            "ru_majflt": 0,
            "ru_nivcsw": 27
        },
        "nQuads": 3164,
        "totalObjSize": 325326,
        "cpu_cycles_end": 31096033662336,
        "outputSizePerQuad": 102.82111251580278,
        "mop/quad": 3.8878002528445008,
        "Frontend(%)": 67.660903800068482,
        "CodeGen(%)": 32.339096199931525,
        "peak_mem_kb": 382504,
        "realTime": 0.27787399291992188
    },
    "perf": [
        {
            "stat": [
                "main",
                "entry",
                0.012677907943725586,
                0.023123000000000001,
                0.016084999999999999,
                200368,
                200368,
                0.0,
                0.0,
                1768998924.9829979,
                31095186834624
            ],
            "sub": [
                {
                    "stat": [
                        "doParsingAndDesignResolution",
                        "entry",
                        0.12559103965759277,
                        0.028077000000000001,
                        0.020798000000000001,
                        210128,
                        210928,
                        0.0,
                        0.0,
                        1768998925.095911,
                        31095547446880
                    ],
                    "sub": []
                },
                {
                    "stat": [
                        "doParsingAndDesignResolution",
                        "exit",
                        0.13945293426513672,
                        0.037206999999999997,
                        0.029971999999999999,
                        314580,
                        382504,
                        0.0,
                        0.0,
                        1768998925.1097729,
                        31095591785568
                    ],
                    "sub": []
                },
                {
                    "stat": [
                        "doPostDesignResolutionToVir2Vcs",
                        "entry",
                        0.14851093292236328,
                        0.042667999999999998,
                        0.034035999999999997,
                        295476,
                        382504,
                        0.0,
                        0.0,
                        1768998925.1188309,
                        31095620729664
                    ],
                    "sub": [
                        {
                            "stat": [
                                "doUptoVir2VcsNoSepCleanup",
                                "entry",
                                0.15396690368652344,
                                0.047829999999999998,
                                0.034312000000000002,
                                295700,
                                382504,
                                0.0,
                                0.0,
                                1768998925.1242869,
                                31095638084288
                            ],
                            "sub": []
                        },
                        {
                            "stat": [
                                "doUptoVir2VcsNoSepCleanup",
                                "exit",
                                0.19852995872497559,
                                0.066735000000000003,
                                0.041456,
                                309636,
                                382504,
                                0.0066039999999999996,
                                0.011831,
                                1768998925.1688499,
                                31095780442624
                            ],
                            "sub": []
                        },
                        {
                            "stat": [
                                "doRadify_vir2vcsAll",
                                "entry",
                                0.19859004020690918,
                                0.066771999999999998,
                                0.041479000000000002,
                                309636,
                                382504,
                                0.021314,
                                0.035451000000000003,
                                1768998925.16891,
                                31095780576096
                            ],
                            "sub": []
                        },
                        {
                            "stat": [
                                "doRadify_vir2vcsAll",
                                "exit",
                                0.20173907279968262,
                                0.068865999999999997,
                                0.042534000000000002,
                                309636,
                                382504,
                                0.021314,
                                0.035451000000000003,
                                1768998925.1720591,
                                31095790680128
                            ],
                            "sub": []
                        }
                    ]
                },
                {
                    "stat": [
                        "doPostDesignResolutionToVir2Vcs",
                        "exit",
                        0.20177507400512695,
                        0.068888000000000005,
                        0.042548999999999997,
                        309636,
                        382504,
                        0.021314,
                        0.035451000000000003,
                        1768998925.1720951,
                        31095790741728
                    ],
                    "sub": []
                },
                {
                    "stat": [
                        "doGAToPass2",
                        "entry",
                        0.20179510116577148,
                        0.068902000000000005,
                        0.042556999999999998,
                        309636,
                        382504,
                        0.021314,
                        0.035451000000000003,
                        1768998925.1721151,
                        31095790803264
                    ],