{
    "cycles_program_begin": 20027371354596,
    "stat": {
        "cpu_cycles_total": 2283249020,
        "CodeGen(%)": 17.101516689219654,
        "nMops": 19138,
        "cpu_cycles_end": 20029654603616,
        "ru_self_cgstart": {
            "ru_nvcsw": 50,
            "ru_utime_sec": 0.093317999999999998,
            "ru_nivcsw": 33,
            "ru_minflt": 13474,
            "ru_stime_sec": 0.048175000000000003,
            "ru_maxrss_kb": 117312,
            "ru_majflt": 0
        },
        "ru_childs_cgstart": {
            "ru_nvcsw": 44,
            "ru_utime_sec": 0.024305,
            "ru_nivcsw": 21,
            "ru_minflt": 11943,
            "ru_stime_sec": 0.053002000000000001,
            "ru_maxrss_kb": 117312,
            "ru_majflt": 0
        },
        "outputSizePerQuad": 26.520674356699203,
        "nQuads": 5635,
        "cpu_cycles_cgstart": 20029553006240,
        "totalObjSize": 149444,
        "ru_childs_end": {
            "ru_nvcsw": 45,
            "ru_utime_sec": 0.024305,
            "ru_nivcsw": 21,
            "ru_minflt": 12200,
            "ru_stime_sec": 0.055345999999999999,
            "ru_maxrss_kb": 118000,
            "ru_majflt": 0
        },
        "realTime": 0.2692410945892334,
        "ru_self_end": {
            "ru_nvcsw": 52,
            "ru_utime_sec": 0.11758299999999999,
            "ru_nivcsw": 36,
            "ru_minflt": 15390,
            "ru_stime_sec": 0.053357000000000002,
            "ru_maxrss_kb": 128240,
            "ru_majflt": 0
        },
        "mopSpeed": 788708.0156604168,
        "quadSpeed": 232227.48815165894,
        "Frontend(%)": 82.898483310780335,
        "mop/quad": 3.3962732919254659,
        "peak_mem_kb": 382540
    },
    "CompileProcesses": [
        "cgproc.141325.json"
    ],
    "perf": [
        {
            "stat": [
                "main",
                "entry",
                0.012595891952514648,
                0.024983999999999999,
                0.015990000000000001,
                200372,
                200372,
                0.0,
                0.0,
                1772026676.5862429,
                20027371645796
            ],
            "sub": [
                {
                    "stat": [
                        "doParsingAndDesignResolution",
                        "entry",
                        0.12653803825378418,
                        0.032634000000000003,
                        0.019747000000000001,
                        210140,
                        210940,
                        0.0,
                        0.0,
                        1772026676.7001851,
                        20027735645796
                    ],
                    "sub": []
                },
                {
                    "stat": [
                        "doParsingAndDesignResolution",
                        "exit",
                        0.14980792999267578,
                        0.054011999999999998,
                        0.033389000000000002,
                        315360,
                        382540,
                        0.0,
                        0.0,
                        1772026676.723455,
                        20027809987652
                    ],
                    "sub": []
                },
                {
                    "stat": [
                        "doPostDesignResolutionToVir2Vcs",
                        "entry",
                        0.15427994728088379,
                        0.054594999999999998,
                        0.037678000000000003,
                        295936,
                        382540,
                        0.0,
                        0.0,
                        1772026676.727927,
                        20027824270340
                    ],
                    "sub": [
                        {
                            "stat": [
                                "doUptoVir2VcsNoSepCleanup",
                                "entry",
                                0.16242194175720215,
                                0.061627000000000001,
                                0.038765000000000001,
                                296256,
                                382540,
                                0.0,
                                0.0,
                                1772026676.736069,
                                20027850341540
                            ],
                            "sub": []
                        },
                        {
                            "stat": [
                                "doUptoVir2VcsNoSepCleanup",
                                "exit",
                                0.21280097961425781,
                                0.089903999999999998,
                                0.045446,
                                310192,
                                382540,
                                0.0028479999999999998,
                                0.012473,
                                1772026676.786448,
                                20028011240772
                            ],
                            "sub": []
                        },
                        {
                            "stat": [
                                "doRadify_vir2vcsAll",
                                "entry",
                                0.21286797523498535,
                                0.089949000000000001,
                                0.045468000000000001,
                                310192,
                                382540,
                                0.016486000000000001,
                                0.042123000000000001,
                                1772026676.786515,
                                20028011381348
                            ],
                            "sub": []
                        },
                        {
                            "stat": [
                                "doRadify_vir2vcsAll",
                                "exit",
                                0.21744608879089355,
                                0.093317999999999998,
                                0.046658999999999999,
                                310192,
                                382540,
                                0.016486000000000001,
                                0.042123000000000001,
                                1772026676.7910931,
                                20028026102852
                            ],
                            "sub": []
                        }
                    ]
                },
                {
                    "stat": [
                        "doPostDesignResolutionToVir2Vcs",
                        "exit",
                        0.2174990177154541,
                        0.093317999999999998,
                        0.046710000000000002,
                        310192,
                        382540,
                        0.016486000000000001,
                        0.042123000000000001,
                        1772026676.791146,
                        20028026170660
                    ],
                    "sub": []
                },
                {
                    "stat": [
                        "doGAToPass2",
                        "entry",
                        0.21751904487609863,
                        0.093317999999999998,
                        0.046731000000000002,
                        310192,
                        382540,
                        0.016486000000000001,
                        0.042123000000000001,
                        1772026676.7911661,
                        20028026227044
                    ],