{
    "stat": {
        "quadSpeed": 48123.945124853934,
        "ru_self_cgstart": {
            "ru_utime_sec": 0.049904999999999998,
            "ru_nvcsw": 48,
            "ru_minflt": 11626,
            "ru_maxrss_kb": 110528,
            "ru_stime_sec": 0.037927000000000002,
            "ru_majflt": 0,
            "ru_nivcsw": 11
        },
        "ru_childs_cgstart": {
            "ru_utime_sec": 0.017656999999999999,
            "ru_nvcsw": 26,
            "ru_minflt": 4536,
            "ru_maxrss_kb": 110528,
            "ru_stime_sec": 0.023689999999999999,
            "ru_majflt": 0,
            "ru_nivcsw": 9
        },
        "cpu_cycles_cgstart": 19352286804544,
        "CodeGen(%)": 25.485005900583442,
        "nMops": 4794,
        "realTime": 0.23420906066894531,
        "ru_childs_end": {
            "ru_utime_sec": 0.017656999999999999,
            "ru_nvcsw": 26,
            "ru_minflt": 4536,
            "ru_maxrss_kb": 110528,
            "ru_stime_sec": 0.023689999999999999,
            "ru_majflt": 0,
            "ru_nivcsw": 9
        },
        "nQuads": 1112,
        "mop/quad": 4.3111510791366907,
        "totalObjSize": 225008,
        "mopSpeed": 207469.59795732892,
        "ru_self_end": {
            "ru_utime_sec": 0.073011999999999994,
            "ru_nvcsw": 48,
            "ru_minflt": 13358,
            "ru_maxrss_kb": 120748,
            "ru_stime_sec": 0.044006999999999998,
            "ru_majflt": 0,
            "ru_nivcsw": 11
        },
        "cpu_cycles_end": 19352380025728,
        "cpu_cycles_total": 709966912,
        "outputSizePerQuad": 202.34532374100721,
        "Frontend(%)": 74.514994099416555,
        "peak_mem_kb": 378400
    },
    "MlibObjs": {},
    "cycles_program_begin": 19351670058816,
    "Misc": {
        "vcs_version": "O-2018.09-SP2_Full64",
        "master_pid": 19739,
        "csrc": "csrc",
        "daidir_abs": "/home/escaper/my_cpu/y86/simv.daidir",
        "vcs_build_date": "Build Date = Feb 28 2019 22:34:30",
        "VCS_HOME": "/home/escaper/vcs/vcs2018/vcs/O-2018.09-SP2",
        "csrc_abs": "/home/escaper/my_cpu/y86/csrc",
        "cwd": "/home/escaper/my_cpu/y86",
        "daidir": "simv.daidir",
        "hostname": "",
        "default_output_dir": "csrc",
        "archive_dir": "archive.0"
    },
    "CompileStrategy": "fullobj",
    "PrevCompiledModules": {},
    "perf": [
        {
            "stat": [
                "main",
                "entry",
                0.011932134628295898,
                0.020048,
                0.017041000000000001,
                200368,
                200368,
                0.0,
                0.0,
                1768402057.4280291,
                19351670289280
            ],
            "sub": [
                {
                    "stat": [
                        "doParsingAndDesignResolution",
                        "entry",
                        0.12631607055664062,
                        0.025967,
                        0.022851,
                        210124,
                        210924,
                        0.0,
                        0.0,
                        1768402057.542413,
                        19352035615264
                    ],
                    "sub": []
                },
                {
                    "stat": [
                        "doParsingAndDesignResolution",
                        "exit",
                        0.13644313812255859,
                        0.033926999999999999,
                        0.025701999999999999,
                        313336,
                        378400,
                        0.0,
                        0.0,
                        1768402057.5525401,
                        19352067970400
                    ],
                    "sub": []
                },
                {
                    "stat": [
                        "doPostDesignResolutionToVir2Vcs",
                        "entry",
                        0.14200210571289062,
                        0.036138000000000003,
                        0.029943000000000001,
                        295304,
                        378400,
                        0.0,
                        0.0,
                        1768402057.558099,
                        19352085764000
                    ],
                    "sub": [
                        {
                            "stat": [
                                "doUptoVir2VcsNoSepCleanup",
                                "entry",
                                0.1447141170501709,
                                0.037689,
                                0.031105000000000001,
                                295560,
                                378400,
                                0.0,
                                0.0,
                                1768402057.560811,
                                19352094353120
                            ],
                            "sub": []
                        },
                        {
                            "stat": [
                                "doUptoVir2VcsNoSepCleanup",
                                "exit",
                                0.17901611328125,
                                0.047217000000000002,
                                0.036165999999999997,
                                295688,
                                378400,
                                0.0057949999999999998,
                                0.013679999999999999,
                                1768402057.595113,
                                19352203956384
                            ],
                            "sub": []
                        },
                        {
                            "stat": [
                                "doRadify_vir2vcsAll",
                                "entry",
                                0.17908215522766113,
                                0.047254999999999998,
                                0.036194999999999998,
                                295688,
                                378400,
                                0.0057949999999999998,
                                0.013679999999999999,
                                1768402057.5951791,
                                19352204099872
                            ],
                            "sub": []
                        },
                        {
                            "stat": [
                                "doRadify_vir2vcsAll",
                                "exit",
                                0.18146014213562012,
                                0.049478000000000001,
                                0.036351000000000001,
                                297352,
                                378400,
                                0.0057949999999999998,
                                0.013679999999999999,
                                1768402057.5975571,
                                19352211729216
                            ],
                            "sub": []
                        }
                    ]
                },
                {
                    "stat": [
                        "doPostDesignResolutionToVir2Vcs",
                        "exit",
                        0.18149805068969727,
                        0.049500000000000002,
                        0.036366999999999997,
                        297352,
                        378400,
                        0.0057949999999999998,
                        0.013679999999999999,
                        1768402057.597595,
                        19352211801984
                    ],