{
    "cycles_program_begin": 33545131642745,
    "incremental": "on",
    "stat": {
        "nQuads": 3086,
        "ru_self_cgstart": {
            "ru_majflt": 0,
            "ru_utime_sec": 0.086174000000000001,
            "ru_stime_sec": 0.033066999999999999,
            "ru_maxrss_kb": 106264,
            "ru_minflt": 8792,
            "ru_nvcsw": 27,
            "ru_nivcsw": 17
        },
        "totalObjSize": 207532,
        "mop/quad": 3.1069345430978612,
        "ru_childs_cgstart": {
            "ru_majflt": 0,
            "ru_utime_sec": 0.0077980000000000002,
            "ru_stime_sec": 0.016844999999999999,
            "ru_maxrss_kb": 106264,
            "ru_minflt": 2324,
            "ru_nvcsw": 17,
            "ru_nivcsw": 4
        },
        "mopSpeed": 248683.6986123719,
        "peak_mem_kb": 225212,
        "cpu_cycles_cgstart": 33547258227008,
        "nMops": 9588,
        "cpu_cycles_total": 2284922023,
        "ru_self_end": {
            "ru_majflt": 0,
            "ru_utime_sec": 0.12472900000000001,
            "ru_stime_sec": 0.040911000000000003,
            "ru_maxrss_kb": 115660,
            "ru_minflt": 10341,
            "ru_nvcsw": 29,
            "ru_nivcsw": 20
        },
        "realTime": 0.26117587089538574,
        "ru_childs_end": {
            "ru_majflt": 0,
            "ru_utime_sec": 0.0077980000000000002,
            "ru_stime_sec": 0.020014000000000001,
            "ru_maxrss_kb": 106828,
            "ru_minflt": 2551,
            "ru_nvcsw": 18,
            "ru_nivcsw": 4
        },
        "quadSpeed": 80041.499157048354,
        "Frontend(%)": 70.907815011280718,
        "cpu_cycles_end": 33547416564768,
        "outputSizePerQuad": 67.249513933895017,
        "CodeGen(%)": 29.092184988719282
    },
    "Misc": {
        "vcs_version": "O-2018.09-SP2_Full64",
        "cwd": "/home/escaper/my_cpu/y86",
        "csrc_abs": "/home/escaper/my_cpu/y86/csrc",
        "vcs_build_date": "Build Date = Feb 28 2019 22:34:30",
        "master_pid": 103167,
        "VCS_HOME": "/home/escaper/vcs/vcs2018/vcs/O-2018.09-SP2",
        "csrc": "csrc",
        "default_output_dir": "csrc",
        "hostname": "",
        "daidir": "/home/escaper/my_cpu/y86/y86_cpu_comp.daidir",
        "daidir_abs": "/home/escaper/my_cpu/y86/y86_cpu_comp.daidir",
        "archive_dir": "archive.1"
    },
    "CompileStrategy": "fullobj",
    "perf": [
        {
            "sub": [
                {
                    "sub": [],
                    "stat": [
                        "doParsingAndDesignResolution",
                        "entry",
                        0.13027787208557129,
                        0.039139,
                        0.023081999999999998,
                        209900,
                        210700,
                        0.0,
                        0.0,
                        1768999692.645973,
                        33546998785056
                    ]
                },
                {
                    "sub": [],
                    "stat": [
                        "doParsingAndDesignResolution",
                        "exit",
                        0.14266180992126465,
                        0.050518,
                        0.024086,
                        211064,
                        211712,
                        0.0,
                        0.0,
                        1768999692.6583569,
                        33547038477344
                    ]
                },
                {
                    "sub": [
                        {
                            "sub": [],
                            "stat": [
                                "doUptoVir2VcsNoSepCleanup",
                                "entry",
                                0.14967584609985352,
                                0.055697000000000003,
                                0.025923000000000002,
                                212232,
                                212232,
                                0.0,
                                0.0,
                                1768999692.6653709,
                                33547060693760
                            ]
                        },
                        {
                            "sub": [],
                            "stat": [
                                "doUptoVir2VcsNoSepCleanup",
                                "exit",
                                0.17853999137878418,
                                0.081342999999999999,
                                0.029121999999999999,
                                212876,
                                225212,
                                0.0,
                                0.0,
                                1768999692.6942351,
                                33547152960288
                            ]
                        },
                        {
                            "sub": [],
                            "stat": [
                                "doRadify_vir2vcsAll",
                                "entry",
                                0.17864179611206055,
                                0.081418000000000004,
                                0.029149999999999999,
                                212876,
                                225212,
                                0.0,
                                0.0,
                                1768999692.6943369,
                                33547153200640
                            ]
                        },
                        {
                            "sub": [],
                            "stat": [
                                "doRadify_vir2vcsAll",
                                "exit",
                                0.18479394912719727,
                                0.085781999999999997,
                                0.030921000000000001,
                                214652,
                                225212,
                                0.0,
                                0.0,
                                1768999692.700489,
                                33547172941024
                            ]
                        }
                    ],
                    "stat": [
                        "doPostDesignResolutionToVir2Vcs",
                        "entry",
                        0.14278984069824219,
                        0.050647999999999999,
                        0.024086,
                        211064,
                        211712,
                        0.0,
                        0.0,
                        1768999692.6584849,
                        33547038626624
                    ]
                },
                {
                    "sub": [],
                    "stat": [
                        "doPostDesignResolutionToVir2Vcs",
                        "exit",
                        0.18487095832824707,
                        0.085842000000000002,
                        0.030942999999999998,
                        214652,
                        225212,
                        0.0,
                        0.0,
                        1768999692.7005661,
                        33547173015616
                    ]
                },
                {
                    "sub": [
                        {
                            "sub": [],