{
    "MlibObjs": {},
    "cycles_program_begin": 32620636496800,
    "rlimit": {
        "data": -1,
        "stack": -1
    },
    "cpu_cycles_pass2_start": 32621250958336,
    "perf": [
        {
            "sub": [
                {
                    "sub": [],
                    "stat": [
                        "doParsingAndDesignResolution",
                        "entry",
                        0.1228179931640625,
                        0.023102000000000001,
                        0.023546999999999998,
                        210128,
                        210928,
                        0.0,
                        0.0,
                        1768985524.909488,
                        32620989963264
                    ]
                },
                {
                    "sub": [],
                    "stat": [
                        "doParsingAndDesignResolution",
                        "exit",
                        0.13322901725769043,
                        0.02725,
                        0.031287000000000002,
                        314476,
                        382648,
                        0.0,
                        0.0,
                        1768985524.919899,
                        32621023250144
                    ]
                },
                {
                    "sub": [
                        {
                            "sub": [],
                            "stat": [
                                "doUptoVir2VcsNoSepCleanup",
                                "entry",
                                0.14476799964904785,
                                0.032516000000000003,
                                0.038068999999999999,
                                295516,
                                382648,
                                0.0,
                                0.0,
                                1768985524.931438,
                                32621060063552
                            ]
                        },
                        {
                            "sub": [],
                            "stat": [
                                "doUptoVir2VcsNoSepCleanup",
                                "exit",
                                0.1826329231262207,
                                0.048502000000000003,
                                0.042438999999999998,
                                309792,
                                382648,
                                0.003993,
                                0.013597,
                                1768985524.9693029,
                                32621181039328
                            ]
                        },
                        {
                            "sub": [],
                            "stat": [
                                "doRadify_vir2vcsAll",
                                "entry",
                                0.18269014358520508,
                                0.048533,
                                0.042465999999999997,
                                309792,
                                382648,
                                0.003993,
                                0.013597,
                                1768985524.9693601,
                                32621181178496
                            ]
                        },
                        {
                            "sub": [],
                            "stat": [
                                "doRadify_vir2vcsAll",
                                "exit",
                                0.18570709228515625,
                                0.050532000000000001,
                                0.043457000000000003,
                                309792,
                                382648,
                                0.003993,
                                0.013597,
                                1768985524.9723771,
                                32621190856320
                            ]
                        }
                    ],
                    "stat": [
                        "doPostDesignResolutionToVir2Vcs",
                        "entry",
                        0.14117908477783203,
                        0.030453000000000001,
                        0.036544,
                        295356,
                        382648,
                        0.0,
                        0.0,
                        1768985524.9278491,
                        32621048655552
                    ]
                },
                {
                    "sub": [],
                    "stat": [
                        "doPostDesignResolutionToVir2Vcs",
                        "exit",
                        0.1857459545135498,
                        0.050553000000000001,
                        0.043475,
                        309792,
                        382648,
                        0.003993,
                        0.013597,
                        1768985524.9724159,
                        32621190934912
                    ]
                },
                {
                    "sub": [
                        {
                            "sub": [],
                            "stat": [
                                "DoPass2",
                                "entry",
                                0.20451498031616211,
                                0.051187000000000003,
                                0.044160999999999999,
                                308368,
                                382648,
                                0.0078779999999999996,
                                0.027525999999999998,
                                1768985524.9911849,
                                32621250945472
                            ]
                        },
                        {
                            "sub": [],
                            "stat": [
                                "DoPass2",
                                "exit",
                                0.25725698471069336,
                                0.094032000000000004,
                                0.054017999999999997,
                                310312,
                                382648,
                                0.0078779999999999996,
                                0.027525999999999998,
                                1768985525.043927,
                                32621419367200
                            ]
                        }
                    ],
                    "stat": [
                        "doGAToPass2",
                        "entry",
                        0.18577003479003906,
                        0.050553000000000001,
                        0.043499000000000003,
                        309792,
                        382648,
                        0.003993,
                        0.013597,
                        1768985524.97244,
                        32621190985152
                    ]
                },
                {
                    "sub": [],
                    "stat": [
                        "doGAToPass2",
                        "exit",
                        0.25970101356506348,
                        0.095309000000000005,
                        0.055178999999999999,
                        310312,
                        382648,
                        0.0078779999999999996,
                        0.027525999999999998,
                        1768985525.046371,
                        32621427161888
                    ]
                }
            ],