{
    "Misc": {
        "vcs_version": "O-2018.09-SP2_Full64",
        "vcs_build_date": "Build Date = Feb 28 2019 22:34:30",
        "csrc_abs": "/home/escaper/my_cpu/y86/csrc",
        "master_pid": 44622,
        "VCS_HOME": "/home/escaper/vcs/vcs2018/vcs/O-2018.09-SP2",
        "csrc": "csrc",
        "hostname": "",
        "cwd": "/home/escaper/my_cpu/y86",
        "daidir": "simv.daidir",
        "daidir_abs": "/home/escaper/my_cpu/y86/simv.daidir",
        "default_output_dir": "csrc",
        "archive_dir": "archive.0"
    },
    "cycles_program_begin": 26142279038304,
    "stat": {
        "nMops": 10847,
        "cpu_cycles_end": 26143149127488,
        "ru_self_cgstart": {
            "ru_utime_sec": 0.059923999999999998,
            "ru_stime_sec": 0.041336999999999999,
            "ru_majflt": 0,
            "ru_maxrss_kb": 113744,
            "ru_minflt": 12262,
            "ru_nvcsw": 46,
            "ru_nivcsw": 13
        },
        "ru_self_end": {
            "ru_utime_sec": 0.119856,
            "ru_stime_sec": 0.051367000000000003,
            "ru_majflt": 0,
            "ru_maxrss_kb": 125368,
            "ru_minflt": 14366,
            "ru_nvcsw": 46,
            "ru_nivcsw": 32
        },
        "ru_childs_cgstart": {
            "ru_utime_sec": 0.016419,
            "ru_stime_sec": 0.061101000000000003,
            "ru_majflt": 0,
            "ru_maxrss_kb": 113744,
            "ru_minflt": 12115,
            "ru_nvcsw": 45,
            "ru_nivcsw": 16
        },
        "cpu_cycles_total": 870089184,
        "cpu_cycles_cgstart": 26142925109312,
        "nQuads": 2823,
        "ru_childs_end": {
            "ru_utime_sec": 0.016419,
            "ru_stime_sec": 0.061101000000000003,
            "ru_majflt": 0,
            "ru_maxrss_kb": 113744,
            "ru_minflt": 12115,
            "ru_nvcsw": 45,
            "ru_nivcsw": 16
        },
        "totalObjSize": 322882,
        "outputSizePerQuad": 114.37548707049238,
        "CodeGen(%)": 43.978719501008996,
        "mopSpeed": 180988.45358072477,
        "quadSpeed": 47103.383835013003,
        "mop/quad": 3.8423662770102727,
        "Frontend(%)": 56.021280498991004,
        "peak_mem_kb": 382504,
        "realTime": 0.2846519947052002
    },
    "incremental": "on",
    "perf": [
        {
            "stat": [
                "main",
                "entry",
                0.012252092361450195,
                0.020931000000000002,
                0.018938,
                200368,
                200368,
                0.0,
                0.0,
                1768983496.522505,
                26142279295680
            ],
            "sub": [
                {
                    "stat": [
                        "doParsingAndDesignResolution",
                        "entry",
                        0.12300014495849609,
                        0.026155000000000001,
                        0.023015999999999998,
                        210128,
                        210928,
                        0.0,
                        0.0,
                        1768983496.6332531,
                        26142632968512
                    ],
                    "sub": []
                },
                {
                    "stat": [
                        "doParsingAndDesignResolution",
                        "exit",
                        0.13417506217956543,
                        0.034096000000000001,
                        0.027897000000000002,
                        314544,
                        382504,
                        0.0,
                        0.0,
                        1768983496.644428,
                        26142668770464
                    ],
                    "sub": []
                },
                {
                    "stat": [
                        "doPostDesignResolutionToVir2Vcs",
                        "entry",
                        0.14081811904907227,
                        0.035880000000000002,
                        0.033828999999999998,
                        295352,
                        382504,
                        0.0,
                        0.0,
                        1768983496.6510711,
                        26142689906592
                    ],
                    "sub": [
                        {
                            "stat": [
                                "doUptoVir2VcsNoSepCleanup",
                                "entry",
                                0.14461898803710938,
                                0.038043,
                                0.035468,
                                295608,
                                382504,
                                0.0,
                                0.0,
                                1768983496.6548719,
                                26142702015200
                            ],
                            "sub": []
                        },
                        {
                            "stat": [
                                "doUptoVir2VcsNoSepCleanup",
                                "exit",
                                0.1844780445098877,
                                0.055889000000000001,
                                0.039629999999999999,
                                309800,
                                382504,
                                0.0050239999999999998,
                                0.012884,
                                1768983496.694731,
                                26142829426912
                            ],
                            "sub": []
                        },
                        {
                            "stat": [
                                "doRadify_vir2vcsAll",
                                "entry",
                                0.18458795547485352,
                                0.055953000000000003,
                                0.039676000000000003,
                                309800,
                                382504,
                                0.010678999999999999,
                                0.042071999999999998,
                                1768983496.6948409,
                                26142829663392
                            ],
                            "sub": []
                        },
                        {
                            "stat": [
                                "doRadify_vir2vcsAll",
                                "exit",
                                0.18848013877868652,
                                0.059844000000000001,
                                0.039676000000000003,
                                309800,
                                382504,
                                0.010678999999999999,
                                0.042071999999999998,
                                1768983496.6987331,
                                26142842191008
                            ],
                            "sub": []
                        }
                    ]
                },
                {
                    "stat": [
                        "doPostDesignResolutionToVir2Vcs",
                        "exit",
                        0.1885371208190918,
                        0.059902999999999998,
                        0.039676000000000003,
                        309800,
                        382504,
                        0.010678999999999999,
                        0.042071999999999998,
                        1768983496.6987901,
                        26142842261952
                    ],