{
    "Modules": {
        "execute": {
            "nRouts": 47,
            "Compiled Times": 1,
            "start_perf": [
                0.23722696304321289,
                0.087797,
                0.037338999999999997,
                310320,
                382504,
                1768983727.164403,
                26878947210880
            ],
            "child_modules": {},
            "Compiled": "Yes",
            "end_perf": [
                0.2458500862121582,
                0.095542000000000002,
                0.038216,
                310320,
                382504,
                26878974790656,
                21474836481,
                0
            ],
            "nQuads": 505,
            "nMops": 2206
        },
        "...MASTER...": {
            "nRouts": 8,
            "start_perf": [
                0.21043109893798828,
                0.064222000000000001,
                0.034118000000000002,
                308376,
                382504,
                1768983727.1376071,
                26878861638784
            ],
            "child_modules": {
                "decode": 1,
                "memory_access_tb": 1,
                "std": 1,
                "execute": 1,
                "fetch": 1
            },
            "end_perf": [
                0.21293497085571289,
                0.066557000000000005,
                0.034286999999999998,
                309356,
                382504,
                26878869652256,
                0,
                0
            ],
            "nQuads": 5,
            "nMops": 5
        },
        "std": {
            "nRouts": 33,
            "Compiled Times": 1,
            "start_perf": [
                0.21298789978027344,
                0.066591999999999998,
                0.034305000000000002,
                309356,
                382504,
                1768983727.1401639,
                26878869792864
            ],
            "child_modules": {},
            "Compiled": "Yes",
            "end_perf": [
                0.21853494644165039,
                0.070292999999999994,
                0.036150000000000002,
                310320,
                382504,
                26878887550784,
                8589934594,
                0
            ],
            "svclass": [
                "$vcs_nba_dyn_obj",
                576,
                35,
                2,
                2,
                0,
                "sigprop$$",
                576,
                35,
                2,
                2,
                0,
                "process",
                2380,
                200,
                8,
                8,
                0,
                "event",
                597,
                34,
                2,
                2,
                0,
                "mailbox",
                1769,
                140,
                9,
                9,
                0,
                "semaphore",
                1119,
                84,
                5,
                5,
                0
            ],
            "nQuads": 218,
            "nMops": 528
        },
        "fetch": {
            "nRouts": 50,
            "Compiled Times": 1,
            "significant_routs": [
                [
                    4,
                    "R_VCSgd_Qk6Wn_4",
                    5411520,
                    5208,
                    763
                ]
            ],
            "start_perf": [
                0.21857595443725586,
                0.070319999999999994,
                0.036165000000000003,
                310320,
                382504,
                1768983727.145752,
                26878887641792
            ],
            "child_modules": {},
            "Compiled": "Yes",
            "end_perf": [
                0.23171806335449219,
                0.082432000000000005,
                0.037194999999999999,
                310320,
                382504,
                26878929665728,
                12884901889,
                0
            ],
            "nQuads": 646,
            "nMops": 3973
        },
        "memory_access_tb": {
            "nRouts": 158,
            "Compiled Times": 1,
            "start_perf": [
                0.24588298797607422,
                0.095565999999999998,
                0.038226000000000003,
                310320,
                382504,
                1768983727.173059,
                26878974857728
            ],
            "child_modules": {},
            "Compiled": "Yes",
            "end_perf": [
                0.25860810279846191,
                0.108291,
                0.038226000000000003,
                310320,
                382504,
                26879015552128,
                30064771073,
                0
            ],
            "nQuads": 1100,
            "nMops": 2480
        },
        "decode": {
            "nRouts": 21,
            "Compiled Times": 1,
            "start_perf": [
                0.23175501823425293,
                0.082458000000000004,
                0.037206000000000003,
                310320,
                382504,
                1768983727.158931,
                26878929740192
            ],
            "child_modules": {},
            "Compiled": "Yes",
            "end_perf": [
                0.23719501495361328,
                0.087775000000000006,
                0.037329000000000001,
                310320,
                382504,
                26878947145312,
                17179869185,
                0
            ],
            "nQuads": 349,
            "nMops": 1655
        }
    },
    "CompUnits": {
        "dVBRC_d": {
            "mod": "decode",
            "out": "dVBRC_d.o",
            "text": 11083,
            "bytes": 21868,
            "archive": "archive.0/_45914_archive_1.a",
            "checksum": 0,
            "mode": 4
        },
        "amcQw_d": {
            "mod": "...MASTER...",
            "out": "objs/amcQw_d.o",
            "text": 583,
            "bytes": 8818,
            "checksum": 0,
            "mode": 4
        },
        "Qk6Wn_d": {
            "mod": "fetch",
            "out": "Qk6Wn_d.o",
            "text": 24800,
            "bytes": 38506,
            "archive": "archive.0/_45914_archive_1.a",
            "checksum": 0,
            "mode": 4
        },
        "reYIK_d": {
            "mod": "std",
            "out": "reYIK_d.o",
            "text": 7325,
            "bytes": 43000,
            "cls": 7017,
            "archive": "archive.0/_45914_archive_1.a",
            "checksum": 0,
            "mode": 4
        },
        "sEyU5_d": {
            "mod": "execute",
            "out": "sEyU5_d.o",
            "text": 15771,
            "bytes": 27164,
            "archive": "archive.0/_45914_archive_1.a",
            "checksum": 0,
            "mode": 4
        },
        "ZTTB7_d": {
            "mod": "memory_access_tb",
            "out": "ZTTB7_d.o",
            "text": 22837,
            "bytes": 59348,
            "archive": "archive.0/_45914_archive_1.a",
            "checksum": 0,
            "mode": 4
        }
    },
    "reusePaths": {},
    "ObjArchives": [
        {
            "size": 314064,
            "archive": "archive.0/_45914_archive_1.a",
            "objects": [
                [
                    "reYIK_d.o",
                    43000
                ],
                [
                    "Qk6Wn_d.o",
                    38506
                ],
                [
                    "dVBRC_d.o",
                    21868
                ],
                [
                    "sEyU5_d.o",
                    27164
                ],
                [
                    "ZTTB7_d.o",
                    59348
                ],
                [
                    "amcQwB.o",
                    124178
                ]
            ]
        }
    ],