{
    "CompUnits": {
        "amcQw_d": {
            "bytes": 7676,
            "mod": "...MASTER...",
            "out": "objs/amcQw_d.o",
            "text": 434,
            "mode": 4,
            "checksum": 0
        },
        "reYIK_d": {
            "bytes": 33240,
            "mod": "std",
            "out": "reYIK_d.o",
            "text": 4650,
            "checksum": 0,
            "cls": 4381,
            "mode": 4,
            "archive": "archive.1/_103167_archive_1.a"
        },
        "MM32F_d": {
            "bytes": 90212,
            "mod": "y86_cpu_comprehensive_tb",
            "out": "MM32F_d.o",
            "text": 44485,
            "mode": 4,
            "checksum": 0,
            "archive": "archive.1/_103167_archive_1.a"
        }
    },
    "Modules": {
        "...MASTER...": {
            "nQuads": 0,
            "start_perf": [
                0.21162700653076172,
                0.086221999999999993,
                0.033085000000000003,
                213096,
                225212,
                1768999692.7273221,
                33547258525408
            ],
            "child_modules": {
                "y86_cpu_comprehensive_tb": 1,
                "std": 1
            },
            "nRouts": 5,
            "end_perf": [
                0.21877098083496094,
                0.087499999999999994,
                0.035795,
                215356,
                225212,
                33547281377920,
                0,
                0
            ],
            "nMops": 0
        },
        "std": {
            "nQuads": 213,
            "start_perf": [
                0.21887493133544922,
                0.087575,
                0.035825999999999997,
                215356,
                225212,
                1768999692.73457,
                33547281627072
            ],
            "child_modules": {},
            "Compiled": "Yes",
            "Compiled Times": 2,
            "nRouts": 33,
            "end_perf": [
                0.22545480728149414,
                0.093986,
                0.035993999999999998,
                218916,
                225212,
                33547302695808,
                8589934594,
                0
            ],
            "svclass": [
                "$vcs_nba_dyn_obj",
                385,
                37,
                2,
                2,
                0,
                "sigprop$$",
                385,
                37,
                2,
                2,
                0,
                "process",
                1645,
                184,
                8,
                8,
                0,
                "event",
                462,
                36,
                2,
                2,
                0,
                "mailbox",
                848,
                99,
                9,
                9,
                0,
                "semaphore",
                656,
                69,
                5,
                5,
                0
            ],
            "nMops": 462
        },
        "y86_cpu_comprehensive_tb": {
            "nQuads": 2873,
            "start_perf": [
                0.22551798820495605,
                0.094031000000000003,
                0.036012000000000002,
                218916,
                225212,
                1768999692.7412131,
                33547302840896
            ],
            "child_modules": {},
            "Compiled": "Yes",
            "Compiled Times": 1,
            "nRouts": 84,
            "end_perf": [
                0.25654482841491699,
                0.123032,
                0.038009000000000001,
                220740,
                225212,
                33547401999712,
                47244640257,
                0
            ],
            "nMops": 9126
        }
    },
    "ObjArchives": [
        {
            "archive": "archive.1/_103167_archive_1.a",
            "size": 199856,
            "objects": [
                [
                    "reYIK_d.o",
                    33240
                ],
                [
                    "MM32F_d.o",
                    90212
                ],
                [
                    "amcQwB.o",
                    76404
                ]
            ]
        }
    ],
    "reusePaths": {},
    "stat": {
        "ru_self_end": {
            "ru_majflt": 0,
            "ru_utime_sec": 0.124515,
            "ru_stime_sec": 0.040841000000000002,
            "ru_maxrss_kb": 115660,
            "ru_minflt": 10341,
            "ru_nvcsw": 29,
            "ru_nivcsw": 20
        },
        "ru_childs_end": {
            "ru_majflt": 0,
            "ru_utime_sec": 0.0077980000000000002,
            "ru_stime_sec": 0.020014000000000001,
            "ru_maxrss_kb": 106828,
            "ru_minflt": 2551,
            "ru_nvcsw": 18,
            "ru_nivcsw": 4
        },
        "peak_mem_kb": 225212,
        "cpu_cycles_end": 33547415663104
    }
}