{
    "Modules": {
        "std": {
            "start_perf": [
                0.20743203163146973,
                0.051241000000000002,
                0.047024000000000003,
                309348,
                382648,
                1768985524.994102,
                32621260180832
            ],
            "child_modules": {},
            "svclass": [
                "$vcs_nba_dyn_obj",
                576,
                35,
                2,
                2,
                0,
                "sigprop$$",
                576,
                35,
                2,
                2,
                0,
                "process",
                2380,
                200,
                8,
                8,
                0,
                "event",
                597,
                34,
                2,
                2,
                0,
                "mailbox",
                1769,
                140,
                9,
                9,
                0,
                "semaphore",
                1119,
                84,
                5,
                5,
                0
            ],
            "Compiled": "Yes",
            "Compiled Times": 1,
            "end_perf": [
                0.21343994140625,
                0.056147000000000002,
                0.048126000000000002,
                310312,
                382648,
                32621279407264,
                8589934594,
                0
            ],
            "nMops": 528,
            "nQuads": 218,
            "nRouts": 33
        },
        "...MASTER...": {
            "start_perf": [
                0.20461606979370117,
                0.051241000000000002,
                0.044207999999999997,
                308368,
                382648,
                1768985524.991286,
                32621251225152
            ],
            "child_modules": {
                "decode": 1,
                "memory_access": 1,
                "execute": 1,
                "write_back_tb": 1,
                "std": 1,
                "fetch": 1
            },
            "end_perf": [
                0.20737600326538086,
                0.051241000000000002,
                0.046968000000000003,
                309348,
                382648,
                32621260034880,
                0,
                0
            ],
            "nMops": 7,
            "nQuads": 8,
            "nRouts": 10
        },
        "fetch": {
            "start_perf": [
                0.21348094940185547,
                0.056168999999999997,
                0.048145,
                310312,
                382648,
                1768985525.0001509,
                32621279500672
            ],
            "child_modules": {},
            "Compiled": "Yes",
            "Compiled Times": 1,
            "end_perf": [
                0.22737693786621094,
                0.069117999999999999,
                0.049084000000000003,
                310312,
                382648,
                32621323935776,
                12884901889,
                0
            ],
            "significant_routs": [
                [
                    4,
                    "R_VCSgd_Qk6Wn_4",
                    5510304,
                    5208,
                    763
                ]
            ],
            "nMops": 3973,
            "nQuads": 646,
            "nRouts": 50
        },
        "memory_access": {
            "start_perf": [
                0.24278998374938965,
                0.083340999999999998,
                0.050250999999999997,
                310312,
                382648,
                1768985525.02946,
                32621373138848
            ],
            "child_modules": {},
            "Compiled": "Yes",
            "Compiled Times": 1,
            "end_perf": [
                0.24844503402709961,
                0.088155999999999998,
                0.051090000000000003,
                310312,
                382648,
                32621391235872,
                25769803777,
                0
            ],
            "nMops": 782,
            "nQuads": 326,
            "nRouts": 31
        },
        "decode": {
            "start_perf": [
                0.22741603851318359,
                0.069140999999999994,
                0.049099999999999998,
                310312,
                382648,
                1768985525.014086,
                32621324007616
            ],
            "child_modules": {},
            "Compiled": "Yes",
            "Compiled Times": 1,
            "end_perf": [
                0.23334407806396484,
                0.075060000000000002,
                0.049099999999999998,
                310312,
                382648,
                32621342985344,
                17179869185,
                0
            ],
            "significant_routs": [
                [
                    3,
                    "R_VCSgd_dVBRC_3",
                    3214848,
                    2872,
                    242
                ]
            ],
            "nMops": 1655,
            "nQuads": 349,
            "nRouts": 21
        },
        "write_back_tb": {
            "start_perf": [
                0.24848794937133789,
                0.088183999999999998,
                0.051105999999999999,
                310312,
                382648,
                1768985525.0351579,
                32621391335680
            ],
            "child_modules": {},
            "Compiled": "Yes",
            "Compiled Times": 1,
            "end_perf": [
                0.2546379566192627,
                0.093282000000000004,
                0.052158000000000003,
                310312,
                382648,
                32621411011904,
                38654705665,
                0
            ],
            "nMops": 1014,
            "nQuads": 405,
            "nRouts": 32
        },
        "execute": {
            "start_perf": [
                0.23337912559509277,
                0.075094999999999995,
                0.049099999999999998,
                310312,
                382648,
                1768985525.0200491,
                32621343053600
            ],
            "child_modules": {},
            "Compiled": "Yes",
            "Compiled Times": 1,
            "end_perf": [
                0.24274492263793945,
                0.083340999999999998,
                0.050205,
                310312,
                382648,
                32621373037856,
                21474836481,
                0
            ],
            "significant_routs": [
                [
                    22,
                    "R_VCSgd_sEyU5_16",
                    3087264,
                    2628,
                    441
                ]
            ],
            "nMops": 2206,
            "nQuads": 505,
            "nRouts": 47
        }
    },
    "stat": {
        "ru_self_end": {
            "ru_majflt": 0,
            "ru_minflt": 14360,
            "ru_utime_sec": 0.095380999999999994,
            "ru_stime_sec": 0.055178999999999999,
            "ru_maxrss_kb": 125704,
            "ru_nvcsw": 47,
            "ru_nivcsw": 16
        },
        "peak_mem_kb": 382648,
        "ru_childs_end": {
            "ru_majflt": 0,
            "ru_minflt": 4536,
            "ru_utime_sec": 0.0078779999999999996,
            "ru_stime_sec": 0.027525999999999998,
            "ru_maxrss_kb": 114444,
            "ru_nvcsw": 26,
            "ru_nivcsw": 5
        },
        "cpu_cycles_end": 32621427318560
    },
    "ObjArchives": [
        {
            "archive": "archive.0/_50353_archive_1.a",