{
    "Modules": {
        "std": {
            "child_modules": {},
            "start_perf": [
                0.19533681869506836,
                0.054740999999999998,
                0.030411000000000001,
                300408,
                378400,
                1768401053.2425699,
                16144415163904
            ],
            "Compiled Times": 1,
            "Compiled": "Yes",
            "end_perf": [
                0.20081782341003418,
                0.057401000000000001,
                0.033231999999999998,
                302564,
                378400,
                16144432693568,
                8589934594,
                0
            ],
            "nRouts": 33,
            "svclass": [
                "$vcs_nba_dyn_obj",
                576,
                35,
                2,
                2,
                0,
                "sigprop$$",
                576,
                35,
                2,
                2,
                0,
                "process",
                2380,
                200,
                8,
                8,
                0,
                "event",
                597,
                34,
                2,
                2,
                0,
                "mailbox",
                1769,
                140,
                9,
                9,
                0,
                "semaphore",
                1119,
                84,
                5,
                5,
                0
            ],
            "nMops": 528,
            "nQuads": 218
        },
        "...MASTER...": {
            "child_modules": {
                "std": 1,
                "fetch_tb": 1
            },
            "start_perf": [
                0.19292879104614258,
                0.053482000000000002,
                0.029263000000000001,
                295952,
                378400,
                1768401053.2401619,
                16144407475680
            ],
            "end_perf": [
                0.19527482986450195,
                0.054701,
                0.030388999999999999,
                300408,
                378400,
                16144415002368,
                0,
                0
            ],
            "nQuads": 0,
            "nRouts": 5,
            "nMops": 0
        },
        "fetch_tb": {
            "child_modules": {},
            "start_perf": [
                0.2008519172668457,
                0.057423000000000002,
                0.033244000000000003,
                302564,
                378400,
                1768401053.248085,
                16144432775584
            ],
            "Compiled Times": 1,
            "Compiled": "Yes",
            "significant_routs": [
                [
                    4,
                    "R_VCSgd_SQBqg_4",
                    2949376,
                    3992,
                    541
                ],
                [
                    27,
                    "R_VCSgd_SQBqg_1b",
                    2976352,
                    3188,
                    534
                ]
            ],
            "end_perf": [
                0.21400094032287598,
                0.069546999999999998,
                0.034269000000000001,
                304228,
                378400,
                16144474807296,
                17179869185,
                0
            ],
            "nQuads": 894,
            "nRouts": 60,
            "nMops": 4266
        }
    },
    "CompUnits": {
        "reYIK_d": {
            "cls": 7017,
            "mod": "std",
            "checksum": 0,
            "out": "reYIK_d.o",
            "bytes": 43000,
            "archive": "archive.0/_15028_archive_1.a",
            "mode": 4,
            "text": 7325
        },
        "amcQw_d": {
            "mod": "...MASTER...",
            "checksum": 0,
            "out": "objs/amcQw_d.o",
            "bytes": 7832,
            "mode": 4,
            "text": 434
        },
        "SQBqg_d": {
            "mod": "fetch_tb",
            "checksum": 0,
            "out": "SQBqg_d.o",
            "bytes": 54656,
            "archive": "archive.0/_15028_archive_1.a",
            "mode": 4,
            "text": 27197
        }
    },
    "reusePaths": {},
    "ObjArchives": [
        {
            "archive": "archive.0/_15028_archive_1.a",
            "objects": [
                [
                    "reYIK_d.o",
                    43000
                ],
                [
                    "SQBqg_d.o",
                    54656
                ],
                [
                    "amcQwB.o",
                    119520
                ]
            ],
            "size": 217176
        }
    ],
    "stat": {
        "ru_self_end": {
            "ru_minflt": 13365,
            "ru_utime_sec": 0.070435999999999999,
            "ru_majflt": 0,
            "ru_stime_sec": 0.037229999999999999,
            "ru_maxrss_kb": 120704,
            "ru_nvcsw": 45,
            "ru_nivcsw": 4
        },
        "ru_childs_end": {
            "ru_minflt": 4536,
            "ru_utime_sec": 0.0080149999999999996,
            "ru_majflt": 0,
            "ru_stime_sec": 0.026800000000000001,
            "ru_maxrss_kb": 110604,
            "ru_nvcsw": 26,
            "ru_nivcsw": 7
        },
        "peak_mem_kb": 378400,
        "cpu_cycles_end": 16144487032480
    }
}