{
    "Modules": {
        "execute": {
            "start_perf": [
                0.25137710571289062,
                0.090685000000000002,
                0.047357999999999997,
                310320,
                382504,
                1768983496.7616301,
                26143042962688
            ],
            "end_perf": [
                0.2624509334564209,
                0.10172,
                0.047357999999999997,
                310320,
                382504,
                26143078448416,
                21474836481,
                0
            ],
            "significant_routs": [
                [
                    11,
                    "R_VCSgd_sEyU5_b",
                    3283040,
                    2343,
                    249
                ],
                [
                    22,
                    "R_VCSgd_sEyU5_16",
                    3965376,
                    2628,
                    441
                ]
            ],
            "child_modules": {},
            "Compiled": "Yes",
            "Compiled Times": 1,
            "nQuads": 505,
            "nMops": 2206,
            "nRouts": 47
        },
        "...MASTER...": {
            "end_perf": [
                0.21751904487609863,
                0.060752,
                0.043539000000000001,
                309356,
                382504,
                26142934870912,
                0,
                0
            ],
            "start_perf": [
                0.21452593803405762,
                0.059923999999999998,
                0.041374000000000001,
                308376,
                382504,
                1768983496.7247789,
                26142925274432
            ],
            "child_modules": {
                "std": 1,
                "memory_access_tb": 1,
                "execute": 1,
                "decode": 1,
                "fetch": 1
            },
            "nQuads": 5,
            "nRouts": 8,
            "nMops": 5
        },
        "memory_access_tb": {
            "start_perf": [
                0.26251602172851562,
                0.101782,
                0.047364000000000003,
                310320,
                382504,
                1768983496.772769,
                26143078543424
            ],
            "end_perf": [
                0.27879595756530762,
                0.11799800000000001,
                0.047400999999999999,
                310320,
                382504,
                26143130698656,
                30064771073,
                0
            ],
            "significant_routs": [
                [
                    128,
                    "R_VCSgd_ZTTB7_80",
                    3399552,
                    2104,
                    138
                ]
            ],
            "child_modules": {},
            "Compiled": "Yes",
            "Compiled Times": 1,
            "nQuads": 1100,
            "nMops": 2480,
            "nRouts": 158
        },
        "std": {
            "svclass": [
                "$vcs_nba_dyn_obj",
                576,
                35,
                2,
                2,
                0,
                "sigprop$$",
                576,
                35,
                2,
                2,
                0,
                "process",
                2380,
                200,
                8,
                8,
                0,
                "event",
                597,
                34,
                2,
                2,
                0,
                "mailbox",
                1769,
                140,
                9,
                9,
                0,
                "semaphore",
                1119,
                84,
                5,
                5,
                0
            ],
            "start_perf": [
                0.21758413314819336,
                0.060789999999999997,
                0.043566000000000001,
                309356,
                382504,
                1768983496.7278371,
                26142935031648
            ],
            "end_perf": [
                0.22601795196533203,
                0.067050999999999999,
                0.045716,
                310320,
                382504,
                26142962057024,
                8589934594,
                0
            ],
            "child_modules": {},
            "Compiled": "Yes",
            "Compiled Times": 1,
            "nQuads": 218,
            "nMops": 528,
            "nRouts": 33
        },
        "fetch": {
            "start_perf": [
                0.22607898712158203,
                0.067087999999999995,
                0.045741999999999998,
                310320,
                382504,
                1768983496.7363319,
                26142962165792
            ],
            "end_perf": [
                0.2438960075378418,
                0.084009,
                0.046559000000000003,
                310320,
                382504,
                26143019280224,
                12884901889,
                0
            ],
            "significant_routs": [
                [
                    3,
                    "R_VCSgd_Qk6Wn_3",
                    3795360,
                    1288,
                    179
                ],
                [
                    4,
                    "R_VCSgd_Qk6Wn_4",
                    7973248,
                    5208,
                    763
                ],
                [
                    5,
                    "R_VCSgd_Qk6Wn_5",
                    3260608,
                    3143,
                    499
                ]
            ],
            "child_modules": {},
            "Compiled": "Yes",
            "Compiled Times": 1,
            "nQuads": 646,
            "nMops": 3973,
            "nRouts": 50
        },
        "decode": {
            "end_perf": [
                0.25133609771728516,
                0.090658000000000002,
                0.047343000000000003,
                310320,
                382504,
                26143042890368,
                17179869185,
                0
            ],
            "start_perf": [
                0.24399900436401367,
                0.084076999999999999,
                0.046597,
                310320,
                382504,
                1768983496.754252,
                26143019446688
            ],
            "child_modules": {},
            "Compiled": "Yes",
            "Compiled Times": 1,
            "nQuads": 349,
            "nRouts": 21,
            "nMops": 1655
        }
    },
    "ObjArchives": [
        {
            "archive": "archive.0/_44622_archive_1.a",
            "objects": [
                [
                    "reYIK_d.o",
                    43000
                ],
                [
                    "Qk6Wn_d.o",
                    38506
                ],
                [
                    "dVBRC_d.o",
                    21868
                ],
                [
                    "sEyU5_d.o",
                    27164
                ],
                [
                    "ZTTB7_d.o",
                    59348
                ],
                [
                    "amcQwB.o",
                    124178
                ]
            ],
            "size": 314064
        }
    ],
    "reusePaths": {},
    "CompUnits": {
        "Qk6Wn_d": {
            "out": "Qk6Wn_d.o",
            "mod": "fetch",
            "archive": "archive.0/_44622_archive_1.a",
            "bytes": 38506,
            "text": 24800,
            "mode": 4,
            "checksum": 0
        },
        "amcQw_d": {
            "out": "objs/amcQw_d.o",
            "mod": "...MASTER...",
            "bytes": 8818,
            "text": 583,
            "mode": 4,
            "checksum": 0
        },
        "reYIK_d": {
            "out": "reYIK_d.o",
            "mod": "std",
            "archive": "archive.0/_44622_archive_1.a",