{
    "stat": {
        "ru_self_end": {
            "ru_utime_sec": 0.099093000000000001,
            "ru_stime_sec": 0.043478999999999997,
            "ru_minflt": 14260,
            "ru_maxrss_kb": 125324,
            "ru_majflt": 0,
            "ru_nvcsw": 47,
            "ru_nivcsw": 18
        },
        "ru_childs_end": {
            "ru_utime_sec": 0.013785,
            "ru_stime_sec": 0.022915000000000001,
            "ru_minflt": 4525,
            "ru_maxrss_kb": 114396,
            "ru_majflt": 0,
            "ru_nvcsw": 26,
            "ru_nivcsw": 15
        },
        "peak_mem_kb": 382504,
        "cpu_cycles_end": 10767121168000
    },
    "Modules": {
        "fetch": {
            "child_modules": {},
            "start_perf": [
                0.21509194374084473,
                0.064979999999999996,
                0.039597,
                310312,
                382504,
                1768616538.217963,
                10766999823232
            ],
            "Compiled Times": 1,
            "Compiled": "Yes",
            "significant_routs": [
                [
                    4,
                    "R_VCSgd_Qk6Wn_4",
                    5307008,
                    5208,
                    763
                ]
            ],
            "end_perf": [
                0.22820305824279785,
                0.077446000000000001,
                0.040231999999999997,
                310312,
                382504,
                10767041756096,
                12884901889,
                0
            ],
            "nQuads": 646,
            "nMops": 3973,
            "nRouts": 50
        },
        "...MASTER...": {
            "child_modules": {
                "std": 1,
                "execute_tb": 1,
                "decode": 1,
                "fetch": 1
            },
            "start_perf": [
                0.20650792121887207,
                0.058629000000000001,
                0.037400999999999997,
                308368,
                382504,
                1768616538.209379,
                10766972404128
            ],
            "end_perf": [
                0.20862507820129395,
                0.059697,
                0.038448999999999997,
                309348,
                382504,
                10766979196576,
                0,
                0
            ],
            "nQuads": 0,
            "nMops": 0,
            "nRouts": 5
        },
        "std": {
            "child_modules": {},
            "start_perf": [
                0.20868492126464844,
                0.059734000000000002,
                0.038473,
                309348,
                382504,
                1768616538.211556,
                10766979359040
            ],
            "Compiled Times": 1,
            "Compiled": "Yes",
            "end_perf": [
                0.21504688262939453,
                0.064950999999999995,
                0.039579000000000003,
                310312,
                382504,
                10766999730912,
                8589934594,
                0
            ],
            "svclass": [
                "$vcs_nba_dyn_obj",
                576,
                35,
                2,
                2,
                0,
                "sigprop$$",
                576,
                35,
                2,
                2,
                0,
                "process",
                2380,
                200,
                8,
                8,
                0,
                "event",
                597,
                34,
                2,
                2,
                0,
                "mailbox",
                1769,
                140,
                9,
                9,
                0,
                "semaphore",
                1119,
                84,
                5,
                5,
                0
            ],
            "nQuads": 218,
            "nMops": 528,
            "nRouts": 33
        },
        "decode": {
            "child_modules": {},
            "start_perf": [
                0.22824597358703613,
                0.077475000000000002,
                0.040246999999999998,
                310312,
                382504,
                1768616538.231117,
                10767041833088
            ],
            "Compiled Times": 1,
            "Compiled": "Yes",
            "end_perf": [
                0.23373699188232422,
                0.081805000000000003,
                0.041406999999999999,
                310312,
                382504,
                10767059408448,
                17179869185,
                0
            ],
            "nQuads": 349,
            "nMops": 1655,
            "nRouts": 21
        },
        "execute_tb": {
            "child_modules": {},
            "start_perf": [
                0.23376989364624023,
                0.081827999999999998,
                0.041418999999999997,
                310312,
                382504,
                1768616538.2366409,
                10767059477024
            ],
            "Compiled Times": 1,
            "Compiled": "Yes",
            "end_perf": [
                0.2486109733581543,
                0.096668000000000004,
                0.041418999999999997,
                310312,
                382504,
                10767106915712,
                25769803777,
                0
            ],
            "nQuads": 1256,
            "nMops": 3710,
            "nRouts": 88
        }
    },
    "CompUnits": {
        "amcQw_d": {
            "mod": "...MASTER...",
            "text": 482,
            "bytes": 8124,
            "out": "objs/amcQw_d.o",
            "mode": 4,
            "checksum": 0
        },
        "reYIK_d": {
            "cls": 7017,
            "mod": "std",
            "archive": "archive.0/_15170_archive_1.a",
            "text": 7325,
            "bytes": 43000,
            "out": "reYIK_d.o",
            "mode": 4,
            "checksum": 0
        },
        "Qk6Wn_d": {
            "mod": "fetch",
            "archive": "archive.0/_15170_archive_1.a",
            "text": 24800,
            "bytes": 38506,
            "out": "Qk6Wn_d.o",
            "mode": 4,
            "checksum": 0
        },
        "dVBRC_d": {
            "mod": "decode",
            "archive": "archive.0/_15170_archive_1.a",
            "text": 11083,
            "bytes": 21868,
            "out": "dVBRC_d.o",
            "mode": 4,
            "checksum": 0
        },
        "Lh6NV_d": {
            "mod": "execute_tb",
            "archive": "archive.0/_15170_archive_1.a",
            "text": 32966,
            "bytes": 74526,
            "out": "Lh6NV_d.o",
            "mode": 4,
            "checksum": 0
        }
    },
    "reusePaths": {},
    "ObjArchives": [
        {
            "archive": "archive.0/_15170_archive_1.a",
            "objects": [
                [
                    "reYIK_d.o",
                    43000
                ],
                [
                    "Qk6Wn_d.o",
                    38506
                ],
                [
                    "dVBRC_d.o",
                    21868
                ],
                [
                    "Lh6NV_d.o",
                    74526
                ],
                [
                    "amcQwB.o",
                    128272
                ]
            ],
            "size": 306172
        }
    ]
}