{
    "stat": {
        "ru_self_end": {
            "ru_stime_sec": 0.046470999999999998,
            "ru_utime_sec": 0.087890999999999997,
            "ru_nvcsw": 28,
            "ru_maxrss_kb": 114656,
            "ru_nivcsw": 13,
            "ru_minflt": 9879,
            "ru_majflt": 0
        },
        "ru_childs_end": {
            "ru_stime_sec": 0.016493000000000001,
            "ru_utime_sec": 0.010383,
            "ru_nvcsw": 18,
            "ru_maxrss_kb": 107616,
            "ru_nivcsw": 7,
            "ru_minflt": 2551,
            "ru_majflt": 0
        },
        "cpu_cycles_end": 38146816843104,
        "peak_mem_kb": 225144
    },
    "Modules": {
        "...MASTER...": {
            "start_perf": [
                0.19295382499694824,
                0.061459,
                0.041307999999999997,
                213016,
                225144,
                1768987254.9439919,
                38146705301696
            ],
            "child_modules": {
                "std": 1,
                "y86_cpu_full_tb": 1
            },
            "nRouts": 5,
            "end_perf": [
                0.19816303253173828,
                0.061974000000000001,
                0.042671000000000001,
                214432,
                225144,
                38146721968256,
                0,
                0
            ],
            "nQuads": 0,
            "nMops": 0
        },
        "std": {
            "start_perf": [
                0.19823002815246582,
                0.062014,
                0.042698,
                214432,
                225144,
                1768987254.9492681,
                38146722143648
            ],
            "child_modules": {},
            "Compiled": "Yes",
            "Compiled Times": 6,
            "nRouts": 33,
            "end_perf": [
                0.1999058723449707,
                0.062820000000000001,
                0.043568999999999997,
                214432,
                225144,
                38146727521312,
                8589934594,
                0
            ],
            "svclass": [
                "$vcs_nba_dyn_obj",
                0,
                37,
                2,
                2,
                0,
                "sigprop$$",
                0,
                37,
                2,
                2,
                0,
                "process",
                0,
                184,
                8,
                8,
                0,
                "event",
                0,
                36,
                2,
                2,
                0,
                "mailbox",
                0,
                99,
                9,
                9,
                0,
                "semaphore",
                0,
                69,
                5,
                5,
                0
            ],
            "nQuads": 213,
            "nMops": 462
        },
        "y86_cpu_full_tb": {
            "start_perf": [
                0.19993996620178223,
                0.062839999999999993,
                0.043582999999999997,
                214432,
                225144,
                1768987254.950978,
                38146727603168
            ],
            "child_modules": {},
            "Compiled": "Yes",
            "Compiled Times": 4,
            "significant_routs": [
                [
                    46,
                    "R_VCSgd_iYEdR_2e",
                    6895136,
                    4380,
                    1062
                ]
            ],
            "nRouts": 90,
            "end_perf": [
                0.22472786903381348,
                0.085782999999999998,
                0.045414000000000003,
                218124,
                225144,
                38146806919328,
                47244640257,
                0
            ],
            "nQuads": 2032,
            "nMops": 7394
        }
    },
    "ObjArchives": [
        {
            "archive": "archive.5/_56874_archive_1.a",
            "size": 162846,
            "objects": [
                [
                    "iYEdR_d.o",
                    86166
                ],
                [
                    "amcQwB.o",
                    76680
                ]
            ]
        }
    ],
    "CompUnits": {
        "iYEdR_d": {
            "mod": "y86_cpu_full_tb",
            "archive": "archive.5/_56874_archive_1.a",
            "checksum": 0,
            "out": "iYEdR_d.o",
            "text": 35925,
            "bytes": 86166,
            "mode": 4
        }
    },
    "reusePaths": {
        "amcQw_d": {
            "icPath": "csrc"
        },
        "reYIK_d": {
            "icPath": "csrc"
        }
    }
}