{
    "Modules": {
        "...MASTER...": {
            "start_perf": [
                0.20503997802734375,
                0.049931000000000003,
                0.037947000000000002,
                295928,
                378400,
                1768402057.6211369,
                19352286992736
            ],
            "child_modules": {
                "fetch_tb": 1,
                "std": 1
            },
            "end_perf": [
                0.20782208442687988,
                0.050809,
                0.039849999999999997,
                300428,
                378400,
                19352295945088,
                0,
                0
            ],
            "nQuads": 0,
            "nMops": 0,
            "nRouts": 5
        },
        "fetch_tb": {
            "start_perf": [
                0.21491718292236328,
                0.056856999999999998,
                0.040897000000000003,
                302568,
                378400,
                1768402057.6310141,
                19352318527488
            ],
            "child_modules": {},
            "Compiled": "Yes",
            "end_perf": [
                0.22932314872741699,
                0.070098999999999995,
                0.042058999999999999,
                304232,
                378400,
                19352364612384,
                17179869185,
                0
            ],
            "Compiled Times": 1,
            "nMops": 4266,
            "significant_routs": [
                [
                    4,
                    "R_VCSgd_SQBqg_4",
                    3158560,
                    3992,
                    541
                ],
                [
                    27,
                    "R_VCSgd_SQBqg_1b",
                    3096000,
                    3188,
                    534
                ]
            ],
            "nQuads": 894,
            "nRouts": 60
        },
        "std": {
            "start_perf": [
                0.20792603492736816,
                0.050867000000000002,
                0.039896000000000001,
                300428,
                378400,
                1768402057.624023,
                19352296204928
            ],
            "child_modules": {},
            "Compiled": "Yes",
            "end_perf": [
                0.2148430347442627,
                0.056813000000000002,
                0.040866,
                302568,
                378400,
                19352318413664,
                8589934594,
                0
            ],
            "Compiled Times": 1,
            "nQuads": 218,
            "svclass": [
                "$vcs_nba_dyn_obj",
                576,
                35,
                2,
                2,
                0,
                "sigprop$$",
                576,
                35,
                2,
                2,
                0,
                "process",
                2380,
                200,
                8,
                8,
                0,
                "event",
                597,
                34,
                2,
                2,
                0,
                "mailbox",
                1769,
                140,
                9,
                9,
                0,
                "semaphore",
                1119,
                84,
                5,
                5,
                0
            ],
            "nMops": 528,
            "nRouts": 33
        }
    },
    "CompUnits": {
        "amcQw_d": {
            "mod": "...MASTER...",
            "bytes": 7832,
            "out": "objs/amcQw_d.o",
            "text": 434,
            "mode": 4,
            "checksum": 0
        },
        "reYIK_d": {
            "archive": "archive.0/_19739_archive_1.a",
            "mod": "std",
            "bytes": 43000,
            "out": "reYIK_d.o",
            "text": 7325,
            "cls": 7017,
            "mode": 4,
            "checksum": 0
        },
        "SQBqg_d": {
            "archive": "archive.0/_19739_archive_1.a",
            "mod": "fetch_tb",
            "bytes": 54656,
            "out": "SQBqg_d.o",
            "text": 27197,
            "mode": 4,
            "checksum": 0
        }
    },
    "reusePaths": {},
    "ObjArchives": [
        {
            "archive": "archive.0/_19739_archive_1.a",
            "objects": [
                [
                    "reYIK_d.o",
                    43000
                ],
                [
                    "SQBqg_d.o",
                    54656
                ],
                [
                    "amcQwB.o",
                    119520
                ]
            ],
            "size": 217176
        }
    ],
    "stat": {
        "ru_self_end": {
            "ru_utime_sec": 0.072882000000000002,
            "ru_nvcsw": 48,
            "ru_minflt": 13358,
            "ru_maxrss_kb": 120748,
            "ru_stime_sec": 0.043929000000000003,
            "ru_majflt": 0,
            "ru_nivcsw": 11
        },
        "ru_childs_end": {
            "ru_utime_sec": 0.017656999999999999,
            "ru_nvcsw": 26,
            "ru_minflt": 4536,
            "ru_maxrss_kb": 110528,
            "ru_stime_sec": 0.023689999999999999,
            "ru_majflt": 0,
            "ru_nivcsw": 9
        },
        "cpu_cycles_end": 19352379362656,
        "peak_mem_kb": 378400
    }
}