{
    "Modules": {
        "fetch_tb": {
            "start_perf": [
                0.20117712020874023,
                0.046515000000000001,
                0.044492999999999998,
                302544,
                378400,
                1768399287.025969,
                10503339267552
            ],
            "child_modules": {},
            "Compiled": "Yes",
            "nMops": 4160,
            "Compiled Times": 1,
            "significant_routs": [
                [
                    2,
                    "R_VCSgd_SQBqg_2",
                    3026624,
                    3987,
                    541
                ],
                [
                    22,
                    "R_VCSgd_SQBqg_16",
                    3114176,
                    3278,
                    580
                ],
                [
                    24,
                    "R_VCSgd_SQBqg_18",
                    3162976,
                    3310,
                    510
                ]
            ],
            "end_perf": [
                0.21307015419006348,
                0.057505000000000001,
                0.045398000000000001,
                304208,
                378400,
                10503377286560,
                17179869185,
                0
            ],
            "nQuads": 809,
            "nRouts": 56
        },
        "...MASTER...": {
            "start_perf": [
                0.19305706024169922,
                0.041444000000000002,
                0.041444000000000002,
                295952,
                378400,
                1768399287.017849,
                10503313337120
            ],
            "child_modules": {
                "std": 1,
                "fetch_tb": 1
            },
            "end_perf": [
                0.195343017578125,
                0.042587,
                0.042587,
                300004,
                378400,
                10503320661056,
                0,
                0
            ],
            "nQuads": 0,
            "nMops": 0,
            "nRouts": 5
        },
        "std": {
            "start_perf": [
                0.19541120529174805,
                0.042620999999999999,
                0.042620999999999999,
                300004,
                378400,
                1768399287.0202031,
                10503320856096
            ],
            "child_modules": {},
            "Compiled": "Yes",
            "nMops": 528,
            "Compiled Times": 1,
            "end_perf": [
                0.20112800598144531,
                0.046489999999999997,
                0.044469000000000002,
                302544,
                378400,
                10503339165248,
                8589934594,
                0
            ],
            "svclass": [
                "$vcs_nba_dyn_obj",
                576,
                35,
                2,
                2,
                0,
                "sigprop$$",
                576,
                35,
                2,
                2,
                0,
                "process",
                2380,
                200,
                8,
                8,
                0,
                "event",
                597,
                34,
                2,
                2,
                0,
                "mailbox",
                1769,
                140,
                9,
                9,
                0,
                "semaphore",
                1119,
                84,
                5,
                5,
                0
            ],
            "nQuads": 218,
            "nRouts": 33
        }
    },
    "CompUnits": {
        "amcQw_d": {
            "mod": "...MASTER...",
            "checksum": 0,
            "out": "objs/amcQw_d.o",
            "bytes": 7832,
            "text": 434,
            "mode": 4
        },
        "reYIK_d": {
            "cls": 7017,
            "mod": "std",
            "checksum": 0,
            "out": "reYIK_d.o",
            "bytes": 43000,
            "text": 7325,
            "mode": 4,
            "archive": "archive.0/_10521_archive_1.a"
        },
        "SQBqg_d": {
            "mod": "fetch_tb",
            "checksum": 0,
            "out": "SQBqg_d.o",
            "bytes": 52936,
            "text": 26231,
            "mode": 4,
            "archive": "archive.0/_10521_archive_1.a"
        }
    },
    "reusePaths": {},
    "ObjArchives": [
        {
            "objects": [
                [
                    "reYIK_d.o",
                    43000
                ],
                [
                    "SQBqg_d.o",
                    52936
                ],
                [
                    "amcQwB.o",
                    119164
                ]
            ],
            "archive": "archive.0/_10521_archive_1.a",
            "size": 215100
        }
    ],
    "stat": {
        "peak_mem_kb": 378400,
        "ru_self_end": {
            "ru_nivcsw": 8,
            "ru_nvcsw": 47,
            "ru_utime_sec": 0.059919,
            "ru_stime_sec": 0.046716000000000001,
            "ru_maxrss_kb": 120288,
            "ru_minflt": 13237,
            "ru_majflt": 0
        },
        "ru_childs_end": {
            "ru_nivcsw": 8,
            "ru_nvcsw": 26,
            "ru_utime_sec": 0.0077530000000000003,
            "ru_stime_sec": 0.027196999999999999,
            "ru_maxrss_kb": 110576,
            "ru_minflt": 4536,
            "ru_majflt": 0
        },
        "cpu_cycles_end": 10503389136032
    }
}