{
    "Modules": {
        "fetch": {
            "start_perf": [
                0.2138068675994873,
                0.059728999999999997,
                0.046568999999999999,
                310312,
                382504,
                1768565819.426569,
                7675934181920
            ],
            "end_perf": [
                0.22709488868713379,
                0.071349999999999997,
                0.048237000000000002,
                310312,
                382504,
                7675976688448,
                12884901889,
                0
            ],
            "child_modules": {},
            "Compiled": "Yes",
            "Compiled Times": 1,
            "nQuads": 646,
            "significant_routs": [
                [
                    4,
                    "R_VCSgd_Qk6Wn_4",
                    6026688,
                    5208,
                    763
                ]
            ],
            "nRouts": 50,
            "nMops": 3973
        },
        "...MASTER...": {
            "end_perf": [
                0.20814394950866699,
                0.055354,
                0.045289000000000003,
                309348,
                382504,
                7675916173056,
                0,
                0
            ],
            "start_perf": [
                0.20576882362365723,
                0.053700999999999999,
                0.044581999999999997,
                308368,
                382504,
                1768565819.4185309,
                7674449758411
            ],
            "child_modules": {
                "execute_tb": 1,
                "std": 1,
                "decode": 1,
                "fetch": 1
            },
            "nQuads": 0,
            "significant_routs": [
                [
                    3,
                    "main",
                    1459142293,
                    114,
                    0
                ]
            ],
            "nRouts": 5,
            "nMops": 0
        },
        "execute_tb": {
            "end_perf": [
                0.24752187728881836,
                0.090656,
                0.049356999999999998,
                310312,
                382504,
                7676041891744,
                25769803777,
                0
            ],
            "start_perf": [
                0.23265194892883301,
                0.076702000000000006,
                0.048443,
                310312,
                382504,
                1768565819.4454141,
                7675994365664
            ],
            "child_modules": {},
            "Compiled": "Yes",
            "Compiled Times": 1,
            "nQuads": 1256,
            "nRouts": 88,
            "nMops": 3710
        },
        "std": {
            "start_perf": [
                0.20821785926818848,
                0.055395,
                0.045323000000000002,
                309348,
                382504,
                1768565819.42098,
                7675916370368
            ],
            "end_perf": [
                0.21376991271972656,
                0.059708999999999998,
                0.046552999999999997,
                310312,
                382504,
                7675934097696,
                8589934594,
                0
            ],
            "child_modules": {},
            "Compiled": "Yes",
            "Compiled Times": 1,
            "svclass": [
                "$vcs_nba_dyn_obj",
                576,
                35,
                2,
                2,
                0,
                "sigprop$$",
                576,
                35,
                2,
                2,
                0,
                "process",
                2380,
                200,
                8,
                8,
                0,
                "event",
                597,
                34,
                2,
                2,
                0,
                "mailbox",
                1769,
                140,
                9,
                9,
                0,
                "semaphore",
                1119,
                84,
                5,
                5,
                0
            ],
            "nQuads": 218,
            "nRouts": 33,
            "nMops": 528
        },
        "decode": {
            "end_perf": [
                0.2326209545135498,
                0.076683000000000001,
                0.048431000000000002,
                310312,
                382504,
                7675994301440,
                17179869185,
                0
            ],
            "start_perf": [
                0.22713994979858398,
                0.071376999999999996,
                0.048254999999999999,
                310312,
                382504,
                1768565819.4399021,
                7675976766496
            ],
            "child_modules": {},
            "Compiled": "Yes",
            "Compiled Times": 1,
            "nQuads": 349,
            "nRouts": 21,
            "nMops": 1655
        }
    },
    "CompUnits": {
        "amcQw_d": {
            "checksum": 0,
            "bytes": 8124,
            "mod": "...MASTER...",
            "out": "objs/amcQw_d.o",
            "text": 482,
            "mode": 4
        },
        "dVBRC_d": {
            "archive": "archive.0/_45997_archive_1.a",
            "checksum": 0,
            "bytes": 21868,
            "mod": "decode",
            "out": "dVBRC_d.o",
            "text": 11083,
            "mode": 4
        },
        "Qk6Wn_d": {
            "archive": "archive.0/_45997_archive_1.a",
            "checksum": 0,
            "bytes": 38506,
            "mod": "fetch",
            "out": "Qk6Wn_d.o",
            "text": 24800,
            "mode": 4
        },
        "reYIK_d": {
            "archive": "archive.0/_45997_archive_1.a",
            "checksum": 0,
            "bytes": 43000,
            "mod": "std",
            "out": "reYIK_d.o",
            "text": 7325,
            "cls": 7017,
            "mode": 4
        },
        "Lh6NV_d": {
            "archive": "archive.0/_45997_archive_1.a",
            "checksum": 0,
            "bytes": 74526,
            "mod": "execute_tb",
            "out": "Lh6NV_d.o",
            "text": 32966,
            "mode": 4
        }
    },
    "reusePaths": {},
    "stat": {
        "ru_self_end": {
            "ru_utime_sec": 0.093755000000000005,
            "ru_minflt": 14266,
            "ru_stime_sec": 0.050405999999999999,
            "ru_maxrss_kb": 125624,
            "ru_majflt": 0,
            "ru_nvcsw": 48,
            "ru_nivcsw": 11
        },
        "ru_childs_end": {
            "ru_utime_sec": 0.00826,
            "ru_minflt": 4536,
            "ru_stime_sec": 0.027279999999999999,
            "ru_maxrss_kb": 114500,
            "ru_majflt": 0,
            "ru_nvcsw": 26,
            "ru_nivcsw": 12
        },
        "cpu_cycles_end": 7676055057344,
        "peak_mem_kb": 382504
    },
    "ObjArchives": [
        {
            "objects": [
                [
                    "reYIK_d.o",
                    43000
                ],
                [
                    "Qk6Wn_d.o",
                    38506
                ],
                [
                    "dVBRC_d.o",
                    21868
                ],
                [
                    "Lh6NV_d.o",
                    74526
                ],
                [
                    "amcQwB.o",
                    128272
                ]
            ],
            "archive": "archive.0/_45997_archive_1.a",
            "size": 306172
        }
    ]
}