{
    "ObjArchives": [
        {
            "archive": "archive.0/_37932_archive_1.a",
            "objects": [
                [
                    "reYIK_d.o",
                    43000
                ],
                [
                    "mvuYT_d.o",
                    121054
                ],
                [
                    "amcQwB.o",
                    125450
                ]
            ],
            "size": 289504
        }
    ],
    "Modules": {
        "...MASTER...": {
            "end_perf": [
                0.21750307083129883,
                0.059415999999999997,
                0.044561999999999997,
                308936,
                382636,
                6881712653760,
                0,
                0
            ],
            "start_perf": [
                0.21517705917358398,
                0.057242000000000001,
                0.044412,
                307956,
                382636,
                1768561320.6624191,
                6881705214336
            ],
            "child_modules": {
                "cpu_tb": 1,
                "std": 1
            },
            "nQuads": 0,
            "nMops": 0,
            "nRouts": 5
        },
        "std": {
            "start_perf": [
                0.21757388114929199,
                0.059457000000000003,
                0.044593000000000001,
                308936,
                382636,
                1768561320.6648159,
                6881712841888
            ],
            "end_perf": [
                0.22478508949279785,
                0.065551999999999999,
                0.045687999999999999,
                309900,
                382636,
                6881736039264,
                8589934594,
                0
            ],
            "child_modules": {},
            "svclass": [
                "$vcs_nba_dyn_obj",
                576,
                35,
                2,
                2,
                0,
                "sigprop$$",
                576,
                35,
                2,
                2,
                0,
                "process",
                2380,
                200,
                8,
                8,
                0,
                "event",
                597,
                34,
                2,
                2,
                0,
                "mailbox",
                1769,
                140,
                9,
                9,
                0,
                "semaphore",
                1119,
                84,
                5,
                5,
                0
            ],
            "Compiled": "Yes",
            "Compiled Times": 1,
            "nQuads": 218,
            "nMops": 528,
            "nRouts": 33
        },
        "cpu_tb": {
            "start_perf": [
                0.22487688064575195,
                0.065551999999999999,
                0.045781000000000002,
                309900,
                382636,
                1768561320.6721189,
                6881736169088
            ],
            "end_perf": [
                0.25444507598876953,
                0.091151999999999997,
                0.049539,
                309900,
                382636,
                6881830704672,
                21474836481,
                0
            ],
            "child_modules": {},
            "Compiled": "Yes",
            "Compiled Times": 1,
            "nQuads": 2195,
            "significant_routs": [
                [
                    5,
                    "R_VCSgd_mvuYT_5",
                    11216160,
                    13941,
                    1960
                ],
                [
                    52,
                    "R_VCSgd_mvuYT_34",
                    1471769452,
                    3188,
                    534
                ]
            ],
            "nMops": 8602,
            "nRouts": 93
        }
    },
    "CompUnits": {
        "amcQw_d": {
            "mode": 4,
            "mod": "...MASTER...",
            "bytes": 7824,
            "out": "objs/amcQw_d.o",
            "text": 434,
            "checksum": 0
        },
        "reYIK_d": {
            "mode": 4,
            "mod": "std",
            "bytes": 43000,
            "out": "reYIK_d.o",
            "text": 7325,
            "archive": "archive.0/_37932_archive_1.a",
            "checksum": 0,
            "cls": 7017
        },
        "mvuYT_d": {
            "mode": 4,
            "mod": "cpu_tb",
            "bytes": 121054,
            "out": "mvuYT_d.o",
            "text": 59313,
            "archive": "archive.0/_37932_archive_1.a",
            "checksum": 0
        }
    },
    "stat": {
        "ru_self_end": {
            "ru_maxrss_kb": 125116,
            "ru_utime_sec": 0.092891000000000001,
            "ru_nvcsw": 49,
            "ru_stime_sec": 0.053363000000000001,
            "ru_majflt": 0,
            "ru_minflt": 14190,
            "ru_nivcsw": 33
        },
        "ru_childs_end": {
            "ru_maxrss_kb": 113508,
            "ru_utime_sec": 0.011171,
            "ru_nvcsw": 26,
            "ru_stime_sec": 0.029909999999999999,
            "ru_majflt": 0,
            "ru_minflt": 4536,
            "ru_nivcsw": 11
        },
        "cpu_cycles_end": 6881848588896,
        "peak_mem_kb": 382636
    },
    "reusePaths": {}
}