{
    "Modules": {
        "...MASTER...": {
            "start_perf": [
                0.2091529369354248,
                0.054568999999999999,
                0.042442000000000001,
                308368,
                382504,
                1768617744.349185,
                1520971685984
            ],
            "nQuads": 0,
            "child_modules": {
                "fetch": 1,
                "decode": 1,
                "std": 1,
                "execute_tb": 1
            },
            "end_perf": [
                0.21129703521728516,
                0.055647000000000002,
                0.043506000000000003,
                309348,
                382504,
                1520978572160,
                0,
                0
            ],
            "nMops": 0,
            "nRouts": 5
        },
        "decode": {
            "start_perf": [
                0.23053598403930664,
                0.072241,
                0.046154000000000001,
                310312,
                382504,
                1768617744.370568,
                1521039960480
            ],
            "nQuads": 349,
            "child_modules": {},
            "end_perf": [
                0.23608684539794922,
                0.077591999999999994,
                0.046352999999999998,
                310312,
                382504,
                1521057719328,
                17179869185,
                0
            ],
            "Compiled": "Yes",
            "Compiled Times": 1,
            "nMops": 1655,
            "nRouts": 21
        },
        "fetch": {
            "start_perf": [
                0.2170569896697998,
                0.059519000000000002,
                0.045394999999999998,
                310312,
                382504,
                1768617744.357089,
                1520996906720
            ],
            "nQuads": 646,
            "child_modules": {},
            "end_perf": [
                0.23049402236938477,
                0.072214,
                0.046136999999999997,
                310312,
                382504,
                1521039886848,
                12884901889,
                0
            ],
            "Compiled": "Yes",
            "Compiled Times": 1,
            "nMops": 3973,
            "nRouts": 50
        },
        "std": {
            "start_perf": [
                0.21136188507080078,
                0.055647000000000002,
                0.043572,
                309348,
                382504,
                1768617744.3513939,
                1520978721248
            ],
            "child_modules": {},
            "nQuads": 218,
            "end_perf": [
                0.21701598167419434,
                0.059494999999999999,
                0.045377000000000001,
                310312,
                382504,
                1520996819936,
                8589934594,
                0
            ],
            "svclass": [
                "$vcs_nba_dyn_obj",
                576,
                35,
                2,
                2,
                0,
                "sigprop$$",
                576,
                35,
                2,
                2,
                0,
                "process",
                2380,
                200,
                8,
                8,
                0,
                "event",
                597,
                34,
                2,
                2,
                0,
                "mailbox",
                1769,
                140,
                9,
                9,
                0,
                "semaphore",
                1119,
                84,
                5,
                5,
                0
            ],
            "Compiled": "Yes",
            "Compiled Times": 1,
            "nMops": 528,
            "nRouts": 33
        },
        "execute_tb": {
            "start_perf": [
                0.23611783981323242,
                0.077610999999999999,
                0.046365000000000003,
                310312,
                382504,
                1768617744.3761499,
                1521057788544
            ],
            "nQuads": 1256,
            "child_modules": {},
            "end_perf": [
                0.25173187255859375,
                0.093225000000000002,
                0.046365000000000003,
                310312,
                382504,
                1521107736992,
                25769803777,
                0
            ],
            "Compiled": "Yes",
            "Compiled Times": 1,
            "nMops": 3710,
            "nRouts": 88
        }
    },
    "stat": {
        "ru_childs_end": {
            "ru_nvcsw": 26,
            "ru_maxrss_kb": 114288,
            "ru_utime_sec": 0.012432,
            "ru_stime_sec": 0.025937999999999999,
            "ru_minflt": 4525,
            "ru_majflt": 0,
            "ru_nivcsw": 8
        },
        "ru_self_end": {
            "ru_nvcsw": 47,
            "ru_maxrss_kb": 125696,
            "ru_utime_sec": 0.095699000000000006,
            "ru_stime_sec": 0.048353,
            "ru_minflt": 14267,
            "ru_majflt": 0,
            "ru_nivcsw": 15
        },
        "cpu_cycles_end": 1521121867296,
        "peak_mem_kb": 382504
    },
    "CompUnits": {
        "amcQw_d": {
            "mod": "...MASTER...",
            "text": 482,
            "out": "objs/amcQw_d.o",
            "bytes": 8124,
            "mode": 4,
            "checksum": 0
        },
        "reYIK_d": {
            "archive": "archive.0/_20080_archive_1.a",
            "mod": "std",
            "text": 7325,
            "out": "reYIK_d.o",
            "bytes": 43000,
            "cls": 7017,
            "mode": 4,
            "checksum": 0
        },
        "dVBRC_d": {
            "archive": "archive.0/_20080_archive_1.a",
            "mod": "decode",
            "text": 11083,
            "out": "dVBRC_d.o",
            "bytes": 21868,
            "mode": 4,
            "checksum": 0
        },
        "Qk6Wn_d": {
            "archive": "archive.0/_20080_archive_1.a",
            "mod": "fetch",
            "text": 24800,
            "out": "Qk6Wn_d.o",
            "bytes": 38506,
            "mode": 4,
            "checksum": 0
        },
        "Lh6NV_d": {
            "archive": "archive.0/_20080_archive_1.a",
            "mod": "execute_tb",
            "text": 32966,
            "out": "Lh6NV_d.o",
            "bytes": 74526,
            "mode": 4,
            "checksum": 0
        }
    },
    "reusePaths": {},
    "ObjArchives": [
        {
            "archive": "archive.0/_20080_archive_1.a",
            "objects": [
                [
                    "reYIK_d.o",
                    43000
                ],
                [
                    "Qk6Wn_d.o",
                    38506
                ],
                [
                    "dVBRC_d.o",
                    21868
                ],
                [
                    "Lh6NV_d.o",
                    74526
                ],
                [
                    "amcQwB.o",
                    128272
                ]
            ],
            "size": 306172
        }
    ]
}