{
    "Modules": {
        "...MASTER...": {
            "nQuads": 0,
            "start_perf": [
                0.2374730110168457,
                0.093317999999999998,
                0.048232999999999998,
                308768,
                382540,
                1772026676.81112,
                20029553272864
            ],
            "child_modules": {
                "y86_cpu_comprehensive_tb_v6": 1,
                "std": 1
            },
            "nMops": 0,
            "end_perf": [
                0.24176287651062012,
                0.093379000000000004,
                0.050129,
                308768,
                382540,
                20029566974560,
                0,
                0
            ],
            "nRouts": 5
        },
        "std": {
            "start_perf": [
                0.24182486534118652,
                0.093420000000000003,
                0.050151000000000001,
                308768,
                382540,
                1772026676.8154719,
                20029567163712
            ],
            "Compiled Times": 2,
            "nQuads": 218,
            "child_modules": {},
            "Compiled": "Yes",
            "end_perf": [
                0.24409794807434082,
                0.095586000000000004,
                0.050257000000000003,
                308768,
                382540,
                20029574435360,
                8589934594,
                0
            ],
            "nMops": 528,
            "nRouts": 33,
            "svclass": [
                "$vcs_nba_dyn_obj",
                0,
                35,
                2,
                2,
                0,
                "sigprop$$",
                0,
                35,
                2,
                2,
                0,
                "process",
                0,
                200,
                8,
                8,
                0,
                "event",
                0,
                34,
                2,
                2,
                0,
                "mailbox",
                0,
                140,
                9,
                9,
                0,
                "semaphore",
                0,
                84,
                5,
                5,
                0
            ]
        },
        "y86_cpu_comprehensive_tb_v6": {
            "nQuads": 5417,
            "Compiled Times": 2,
            "start_perf": [
                0.24414300918579102,
                0.095616000000000007,
                0.050271999999999997,
                308768,
                382540,
                1772026676.81779,
                20029574534144
            ],
            "child_modules": {},
            "Compiled": "Yes",
            "nMops": 18610,
            "end_perf": [
                0.26424288749694824,
                0.115581,
                0.050381000000000002,
                308768,
                382540,
                20029638808384,
                51539607553,
                0
            ],
            "nRouts": 222
        }
    },
    "CompUnits": {},
    "reusePaths": {
        "amcQw_d": {
            "icPath": "csrc"
        },
        "reYIK_d": {
            "icPath": "csrc"
        },
        "Nc48g_d": {
            "icPath": "csrc"
        }
    },
    "ObjArchives": [
        {
            "archive": "archive.1/_141325_archive_1.a",
            "size": 149444,
            "objects": [
                [
                    "amcQwB.o",
                    149444
                ]
            ]
        }
    ],
    "stat": {
        "peak_mem_kb": 382540,
        "ru_self_end": {
            "ru_nvcsw": 52,
            "ru_utime_sec": 0.117483,
            "ru_nivcsw": 36,
            "ru_minflt": 15390,
            "ru_stime_sec": 0.053311999999999998,
            "ru_maxrss_kb": 128240,
            "ru_majflt": 0
        },
        "ru_childs_end": {
            "ru_nvcsw": 45,
            "ru_utime_sec": 0.024305,
            "ru_nivcsw": 21,
            "ru_minflt": 12200,
            "ru_stime_sec": 0.055345999999999999,
            "ru_maxrss_kb": 118000,
            "ru_majflt": 0
        },
        "cpu_cycles_end": 20029654143040
    }
}