{
    "stat": {
        "ru_self_end": {
            "ru_nvcsw": 48,
            "ru_utime_sec": 0.072753999999999999,
            "ru_stime_sec": 0.050522999999999998,
            "ru_maxrss_kb": 119756,
            "ru_nivcsw": 8,
            "ru_minflt": 13246,
            "ru_majflt": 0
        },
        "cpu_cycles_end": 9298776184768,
        "ru_childs_end": {
            "ru_nvcsw": 26,
            "ru_utime_sec": 0.011412,
            "ru_stime_sec": 0.029073999999999999,
            "ru_maxrss_kb": 110120,
            "ru_nivcsw": 11,
            "ru_minflt": 4536,
            "ru_majflt": 0
        },
        "peak_mem_kb": 381220
    },
    "Modules": {
        "...MASTER...": {
            "start_perf": [
                0.20138287544250488,
                0.050139000000000003,
                0.038445,
                295956,
                381220,
                1768546441.262769,
                9298665442016
            ],
            "child_modules": {
                "std": 1,
                "fetch": 1,
                "decode_tb": 1
            },
            "nRouts": 5,
            "end_perf": [
                0.20447587966918945,
                0.050139000000000003,
                0.041536999999999998,
                299800,
                381220,
                9298675336032,
                0,
                0
            ],
            "nQuads": 0,
            "nMops": 0
        },
        "std": {
            "start_perf": [
                0.20453786849975586,
                0.050139000000000003,
                0.041599999999999998,
                299800,
                381220,
                1768546441.265924,
                9298675508768
            ],
            "child_modules": {},
            "Compiled": "Yes",
            "svclass": [
                "$vcs_nba_dyn_obj",
                576,
                35,
                2,
                2,
                0,
                "sigprop$$",
                576,
                35,
                2,
                2,
                0,
                "process",
                2380,
                200,
                8,
                8,
                0,
                "event",
                597,
                34,
                2,
                2,
                0,
                "mailbox",
                1769,
                140,
                9,
                9,
                0,
                "semaphore",
                1119,
                84,
                5,
                5,
                0
            ],
            "Compiled Times": 1,
            "end_perf": [
                0.21094489097595215,
                0.054637999999999999,
                0.043507999999999998,
                302940,
                381220,
                9298696011328,
                8589934594,
                0
            ],
            "nQuads": 218,
            "nMops": 528,
            "nRouts": 33
        },
        "decode_tb": {
            "start_perf": [
                0.22295880317687988,
                0.063672000000000006,
                0.046489999999999997,
                303324,
                381220,
                1768546441.2843449,
                9298734331136
            ],
            "child_modules": {},
            "Compiled": "Yes",
            "Compiled Times": 1,
            "significant_routs": [
                [
                    18,
                    "R_VCSgd_LLBxF_12",
                    3262656,
                    3603,
                    538
                ]
            ],
            "end_perf": [
                0.23151683807373047,
                0.071028999999999995,
                0.047690999999999997,
                303324,
                381220,
                9298761748960,
                21474836481,
                0
            ],
            "nQuads": 565,
            "nMops": 2443,
            "nRouts": 37
        },
        "fetch": {
            "start_perf": [
                0.21099281311035156,
                0.054664999999999998,
                0.043528999999999998,
                302940,
                381220,
                1768546441.2723789,
                9298696104672
            ],
            "child_modules": {},
            "Compiled": "Yes",
            "Compiled Times": 1,
            "significant_routs": [
                [
                    3,
                    "R_VCSgd_Qk6Wn_3",
                    3421312,
                    2780,
                    467
                ]
            ],
            "end_perf": [
                0.22290778160095215,
                0.063642000000000004,
                0.046469000000000003,
                303324,
                381220,
                9298734244608,
                12884901889,
                0
            ],
            "nQuads": 526,
            "nMops": 3398,
            "nRouts": 46
        }
    },
    "CompUnits": {
        "amcQw_d": {
            "mod": "...MASTER...",
            "out": "objs/amcQw_d.o",
            "bytes": 7998,
            "checksum": 0,
            "text": 458,
            "mode": 4
        },
        "reYIK_d": {
            "mod": "std",
            "out": "reYIK_d.o",
            "cls": 7017,
            "bytes": 43000,
            "checksum": 0,
            "text": 7325,
            "mode": 4,
            "archive": "archive.0/_14664_archive_1.a"
        },
        "Qk6Wn_d": {
            "mod": "fetch",
            "out": "Qk6Wn_d.o",
            "bytes": 33278,
            "checksum": 0,
            "text": 20180,
            "mode": 4,
            "archive": "archive.0/_14664_archive_1.a"
        },
        "LLBxF_d": {
            "mod": "decode_tb",
            "out": "LLBxF_d.o",
            "bytes": 40466,
            "checksum": 0,
            "text": 17297,
            "mode": 4,
            "archive": "archive.0/_14664_archive_1.a"
        }
    },
    "reusePaths": {},
    "ObjArchives": [
        {
            "archive": "archive.0/_14664_archive_1.a",
            "objects": [
                [
                    "reYIK_d.o",
                    43000
                ],
                [
                    "Qk6Wn_d.o",
                    33278
                ],
                [
                    "LLBxF_d.o",
                    40466
                ],
                [
                    "amcQwB.o",
                    120278
                ]
            ],
            "size": 237022
        }
    ]
}