{
    "cycles_program_begin": 3373911249760,
    "CompileStatus": "Successful",
    "cpu_cycles_pass2_start": 3374546248320,
    "CurCompileModules": [
        "...MASTER...",
        "...MASTER...",
        "std",
        "std",
        "pipelined_y86_cpu_tb",
        "pipelined_y86_cpu_tb"
    ],
    "PEModules": [],
    "perf": [
        {
            "stat": [
                "main",
                "entry",
                0.011603116989135742,
                0.022919999999999999,
                0.013951,
                200396,
                200396,
                0.0,
                0.0,
                1769166344.922652,
                3373911469760
            ],
            "sub": [
                {
                    "stat": [
                        "doParsingAndDesignResolution",
                        "entry",
                        0.1258690357208252,
                        0.027255999999999999,
                        0.021295999999999999,
                        210084,
                        210884,
                        0.0,
                        0.0,
                        1769166345.0369179,
                        3374276441056
                    ],
                    "sub": []
                },
                {
                    "stat": [
                        "doParsingAndDesignResolution",
                        "exit",
                        0.1359410285949707,
                        0.034597999999999997,
                        0.024027,
                        211168,
                        211816,
                        0.0,
                        0.0,
                        1769166345.0469899,
                        3374308584320
                    ],
                    "sub": []
                },
                {
                    "stat": [
                        "doPostDesignResolutionToVir2Vcs",
                        "entry",
                        0.14055299758911133,
                        0.035012000000000001,
                        0.024313999999999999,
                        211344,
                        211816,
                        0.0,
                        0.0,
                        1769166345.0516019,
                        3374323357568
                    ],
                    "sub": [
                        {
                            "stat": [
                                "doUptoVir2VcsNoSepCleanup",
                                "entry",
                                0.14654016494750977,
                                0.039968999999999998,
                                0.025346,
                                212340,
                                212340,
                                0.0,
                                0.0,
                                1769166345.0575891,
                                3374342417792
                            ],
                            "sub": []
                        },
                        {
                            "stat": [
                                "doUptoVir2VcsNoSepCleanup",
                                "exit",
                                0.1892850399017334,
                                0.064717999999999998,
                                0.027456000000000001,
                                214320,
                                226692,
                                0.0036029999999999999,
                                0.012345999999999999,
                                1769166345.1003339,
                                3374478977856
                            ],
                            "sub": []
                        },
                        {
                            "stat": [
                                "doRadify_vir2vcsAll",
                                "entry",
                                0.1893310546875,
                                0.064751000000000003,
                                0.027470000000000001,
                                214320,
                                226692,
                                0.0036029999999999999,
                                0.012345999999999999,
                                1769166345.1003799,
                                3374479068096
                            ],
                            "sub": []
                        },
                        {
                            "stat": [
                                "doRadify_vir2vcsAll",
                                "exit",
                                0.19250202178955078,
                                0.066872000000000001,
                                0.028518999999999999,
                                215644,
                                226692,
                                0.0036029999999999999,
                                0.012345999999999999,
                                1769166345.1035509,
                                3374489238592
                            ],
                            "sub": []
                        }
                    ]
                },
                {
                    "stat": [
                        "doPostDesignResolutionToVir2Vcs",
                        "exit",
                        0.19253301620483398,
                        0.066893999999999995,
                        0.028528000000000001,
                        215644,
                        226692,
                        0.0036029999999999999,
                        0.012345999999999999,
                        1769166345.1035819,
                        3374489294240
                    ],
                    "sub": []
                },
                {
                    "stat": [
                        "doGAToPass2",
                        "entry",
                        0.1925501823425293,
                        0.066905999999999993,
                        0.028532999999999999,
                        215644,
                        226692,
                        0.0036029999999999999,
                        0.012345999999999999,
                        1769166345.1035991,
                        3374489340704
                    ],
                    "sub": [
                        {
                            "stat": [
                                "DoPass2",
                                "entry",
                                0.2103421688079834,
                                0.067400000000000002,
                                0.029304,
                                214088,
                                226692,
                                0.0069550000000000002,
                                0.025842,
                                1769166345.1213911,
                                3374546234336
                            ],
                            "sub": []
                        },
                        {
                            "stat": [
                                "DoPass2",
                                "exit",
                                0.27434420585632324,
                                0.12620000000000001,
                                0.034507000000000003,
                                224968,
                                226692,
                                0.0069550000000000002,
                                0.025842,
                                1769166345.1853931,
                                3374750630048
                            ],